case_id,nct_id,perturbation_id,type,expected_direction,expert_label,label,phase,pred_base,conf_base,p_base,pred_pert,conf_pert,p_pert,dP,flipped,s2_shift,s3_shift,s4_shift,s5_shift,s5_signal_pickup
NCT03085069__A01,NCT03085069,A01,ae_sae_signal,harmful,,SUCCESS,PHASE2,SUCCESS,0.62,0.62,SUCCESS,0.62,0.62,0.0,0,0.7435897435897436,0.8084112149532711,0.5973597359735974,0.7829099307159353,0.8
NCT03298464__A01,NCT03298464,A01,ae_sae_signal,harmful,,SUCCESS,PHASE1,FAILURE,0.82,0.18,FAILURE,0.8,0.2,0.02,0,0.676923076923077,0.8375634517766497,0.6509433962264151,0.8186813186813187,1.0
NCT03170115__A01,NCT03170115,A01,ae_sae_signal,harmful,,FAILURE,PHASE2,FAILURE,0.7,0.3,FAILURE,0.68,0.32,0.02,0,0.6971830985915493,0.8314606741573034,0.6081871345029239,0.740041928721174,0.8
NCT02621892__A01,NCT02621892,A01,ae_sae_signal,harmful,,SUCCESS,PHASE3,FAILURE,0.65,0.35,SUCCESS,0.72,0.72,0.37,1,0.703125,0.7743589743589744,0.6396648044692738,0.8140096618357489,1.0
NCT04185311__A01,NCT04185311,A01,ae_sae_signal,harmful,,FAILURE,PHASE1,FAILURE,0.88,0.12,FAILURE,0.82,0.18,0.06,0,0.721830985915493,0.7339449541284404,0.6447368421052632,0.7158590308370044,1.0
NCT02442674__A01,NCT02442674,A01,ae_sae_signal,harmful,,FAILURE,PHASE3,FAILURE,0.78,0.22,FAILURE,0.85,0.15,-0.07,0,0.7089041095890412,0.7393364928909952,0.6189189189189189,0.7969094922737306,1.0
NCT03715166__A01,NCT03715166,A01,ae_sae_signal,harmful,,FAILURE,PHASE3,FAILURE,0.9,0.1,FAILURE,0.85,0.15,0.05,0,0.7482993197278911,0.7765957446808511,0.6282722513089005,0.7383177570093458,1.0
NCT03444649__A01,NCT03444649,A01,ae_sae_signal,harmful,,FAILURE,PHASE1,FAILURE,0.98,0.02,FAILURE,0.9,0.1,0.08,0,0.6766917293233083,0.7469879518072289,0.6495726495726496,0.8026607538802661,1.0
NCT02836873__A01,NCT02836873,A01,ae_sae_signal,harmful,,SUCCESS,PHASE3,SUCCESS,0.6,0.6,SUCCESS,0.6,0.6,0.0,0,0.7937062937062938,0.7452830188679245,0.6310432569974554,0.7585421412300684,1.0
NCT04096560__A01,NCT04096560,A01,ae_sae_signal,harmful,,FAILURE,PHASE2,FAILURE,0.95,0.05,FAILURE,0.97,0.03,-0.02,0,0.7745098039215687,0.7885714285714286,0.6343490304709141,0.7366071428571428,1.0
NCT04775797__A01,NCT04775797,A01,ae_sae_signal,harmful,,FAILURE,PHASE1,FAILURE,0.78,0.22,FAILURE,0.93,0.07,-0.15,0,0.7437722419928825,0.75,0.6820388349514563,0.7488888888888889,1.0
NCT02970929__A01,NCT02970929,A01,ae_sae_signal,harmful,,SUCCESS,PHASE2,SUCCESS,0.62,0.62,FAILURE,0.85,0.15,-0.47,1,0.7261904761904762,0.7828571428571429,0.6183431952662721,0.7736625514403292,1.0
NCT02735863__A01,NCT02735863,A01,ae_sae_signal,harmful,,SUCCESS,PHASE2,FAILURE,0.72,0.28,FAILURE,0.88,0.12,-0.16,0,0.7402985074626866,0.827906976744186,0.6284153005464481,0.7801932367149759,1.0
NCT02838823__A01,NCT02838823,A01,ae_sae_signal,harmful,,SUCCESS,PHASE1,FAILURE,0.85,0.15,FAILURE,0.7,0.3,0.15,0,0.712280701754386,0.736842105263158,0.6231454005934718,0.7145922746781116,0.8
NCT02648204__A01,NCT02648204,A01,ae_sae_signal,harmful,,SUCCESS,PHASE3,SUCCESS,0.85,0.85,SUCCESS,0.85,0.85,0.0,0,0.6862745098039216,0.7034883720930232,0.6781609195402298,0.7128463476070529,0.8
NCT03145909__A01,NCT03145909,A01,ae_sae_signal,harmful,,FAILURE,PHASE1,FAILURE,0.92,0.08,FAILURE,0.9,0.1,0.02,0,0.7546583850931677,0.7539267015706806,0.6467065868263473,0.7146529562982005,0.8
NCT02519452__A01,NCT02519452,A01,ae_sae_signal,harmful,,SUCCESS,PHASE1,SUCCESS,0.85,0.85,SUCCESS,0.85,0.85,0.0,0,0.7472924187725631,0.7673267326732673,0.662269129287599,0.7442307692307693,0.8
NCT03520959__A01,NCT03520959,A01,ae_sae_signal,harmful,,FAILURE,PHASE3,FAILURE,0.97,0.03,FAILURE,0.95,0.05,0.02,0,0.7256637168141593,0.7789473684210526,0.641025641025641,0.7987012987012987,1.0
NCT02857166__A01,NCT02857166,A01,ae_sae_signal,harmful,,SUCCESS,PHASE1,SUCCESS,0.75,0.75,SUCCESS,0.9,0.9,0.15,0,0.7871720116618076,0.77,0.5617977528089888,0.7781818181818182,0.6
NCT03823703__A01,NCT03823703,A01,ae_sae_signal,harmful,,FAILURE,PHASE2,FAILURE,0.97,0.03,FAILURE,0.95,0.05,0.02,0,0.7799352750809061,0.848314606741573,0.6811145510835913,0.7513089005235603,1.0
NCT03085069__A02,NCT03085069,A02,ae_sae_signal,harmful,,SUCCESS,PHASE2,SUCCESS,0.62,0.62,SUCCESS,0.6,0.6,-0.02,0,0.7004608294930876,0.7357512953367875,0.6402439024390244,0.7894736842105263,0.857
NCT03298464__A02,NCT03298464,A02,ae_sae_signal,harmful,,SUCCESS,PHASE1,FAILURE,0.82,0.18,FAILURE,0.55,0.45,0.27,0,0.6831275720164609,0.8146067415730337,0.6245614035087719,0.7837837837837838,0.143
NCT03170115__A02,NCT03170115,A02,ae_sae_signal,harmful,,FAILURE,PHASE2,FAILURE,0.7,0.3,FAILURE,0.78,0.22,-0.08,0,0.6807017543859649,0.8063063063063063,0.5802469135802469,0.7633410672853829,0.714
NCT02621892__A02,NCT02621892,A02,ae_sae_signal,harmful,,SUCCESS,PHASE3,FAILURE,0.65,0.35,SUCCESS,0.6,0.6,0.25,1,0.71484375,0.7853403141361257,0.6,0.7763819095477387,0.714
NCT04185311__A02,NCT04185311,A02,ae_sae_signal,harmful,,FAILURE,PHASE1,FAILURE,0.88,0.12,FAILURE,0.78,0.22,0.1,0,0.645367412140575,0.7892561983471075,0.6843501326259946,0.7453416149068324,1.0
NCT02442674__A02,NCT02442674,A02,ae_sae_signal,harmful,,FAILURE,PHASE3,FAILURE,0.78,0.22,FAILURE,0.6,0.4,0.18,0,0.7014925373134329,0.7389380530973451,0.6039325842696629,0.7515923566878981,0.714
NCT03715166__A02,NCT03715166,A02,ae_sae_signal,harmful,,FAILURE,PHASE3,FAILURE,0.9,0.1,FAILURE,0.93,0.07,-0.03,0,0.7282608695652174,0.7711442786069651,0.6448362720403022,0.7650602409638554,0.857
NCT03444649__A02,NCT03444649,A02,ae_sae_signal,harmful,,FAILURE,PHASE1,FAILURE,0.98,0.02,FAILURE,0.92,0.08,0.06,0,0.7293233082706767,0.7904191616766467,0.6139705882352942,0.7884130982367759,0.857
NCT02836873__A02,NCT02836873,A02,ae_sae_signal,harmful,,SUCCESS,PHASE3,SUCCESS,0.6,0.6,SUCCESS,0.7,0.7,0.1,0,0.7011494252873562,0.6869158878504673,0.6469135802469136,0.7863436123348018,0.571
NCT04096560__A02,NCT04096560,A02,ae_sae_signal,harmful,,FAILURE,PHASE2,FAILURE,0.95,0.05,FAILURE,0.95,0.05,0.0,0,0.7323529411764707,0.8061674008810573,0.6170798898071626,0.7639751552795031,1.0
NCT04775797__A02,NCT04775797,A02,ae_sae_signal,harmful,,FAILURE,PHASE1,FAILURE,0.78,0.22,FAILURE,0.88,0.12,-0.1,0,0.6842105263157895,0.772020725388601,0.6666666666666667,0.7981651376146789,0.857
NCT02970929__A02,NCT02970929,A02,ae_sae_signal,harmful,,SUCCESS,PHASE2,SUCCESS,0.62,0.62,FAILURE,0.8,0.2,-0.42,1,0.743801652892562,0.7901234567901234,0.6301369863013699,0.7719665271966527,0.857
NCT02735863__A02,NCT02735863,A02,ae_sae_signal,harmful,,SUCCESS,PHASE2,FAILURE,0.72,0.28,FAILURE,0.85,0.15,-0.13,0,0.7724358974358975,0.7990654205607477,0.6434540389972145,0.7364864864864865,0.857
NCT02838823__A02,NCT02838823,A02,ae_sae_signal,harmful,,SUCCESS,PHASE1,FAILURE,0.85,0.15,FAILURE,0.78,0.22,0.07,0,0.7231270358306189,0.7551020408163265,0.6457142857142857,0.7525987525987525,0.857
NCT02648204__A02,NCT02648204,A02,ae_sae_signal,harmful,,SUCCESS,PHASE3,SUCCESS,0.85,0.85,SUCCESS,0.92,0.92,0.07,0,0.6590909090909092,0.7365269461077844,0.641025641025641,0.8049886621315192,1.0
NCT03145909__A02,NCT03145909,A02,ae_sae_signal,harmful,,FAILURE,PHASE1,FAILURE,0.92,0.08,FAILURE,0.9,0.1,0.02,0,0.6633333333333333,0.8313953488372093,0.6646884272997033,0.7216981132075472,0.714
NCT02519452__A02,NCT02519452,A02,ae_sae_signal,harmful,,SUCCESS,PHASE1,SUCCESS,0.85,0.85,SUCCESS,0.85,0.85,0.0,0,0.7113821138211383,0.7441860465116279,0.6121212121212121,0.7408993576017131,1.0
NCT03520959__A02,NCT03520959,A02,ae_sae_signal,harmful,,FAILURE,PHASE3,FAILURE,0.97,0.03,FAILURE,0.95,0.05,0.02,0,0.765079365079365,0.735632183908046,0.6932153392330384,0.8035320088300221,0.714
NCT02857166__A02,NCT02857166,A02,ae_sae_signal,harmful,,SUCCESS,PHASE1,SUCCESS,0.75,0.75,SUCCESS,0.85,0.85,0.1,0,0.7720364741641337,0.7894736842105263,0.579250720461095,0.7765237020316027,0.857
NCT03823703__A02,NCT03823703,A02,ae_sae_signal,harmful,,FAILURE,PHASE2,FAILURE,0.97,0.03,FAILURE,0.97,0.03,0.0,0,0.7516129032258064,0.7677419354838709,0.6598240469208212,0.7628032345013477,0.857
NCT03085069__A03,NCT03085069,A03,ae_sae_signal,harmful,,SUCCESS,PHASE2,SUCCESS,0.62,0.62,SUCCESS,0.5,0.5,-0.12,0,0.6839826839826839,0.7616580310880829,0.6038961038961039,0.7585365853658537,0.833
NCT03298464__A03,NCT03298464,A03,ae_sae_signal,harmful,,SUCCESS,PHASE1,FAILURE,0.82,0.18,FAILURE,0.9,0.1,-0.08,0,0.7293233082706767,0.8469945355191257,0.6346863468634687,0.8424068767908309,0.833
NCT03170115__A03,NCT03170115,A03,ae_sae_signal,harmful,,FAILURE,PHASE2,FAILURE,0.7,0.3,FAILURE,0.75,0.25,-0.05,0,0.7007042253521127,0.8622222222222222,0.5868852459016394,0.7846153846153846,0.917
NCT02621892__A03,NCT02621892,A03,ae_sae_signal,harmful,,SUCCESS,PHASE3,FAILURE,0.65,0.35,SUCCESS,0.72,0.72,0.37,1,0.7462121212121212,0.7914438502673797,0.6340782122905029,0.7682119205298014,0.833
NCT04185311__A03,NCT04185311,A03,ae_sae_signal,harmful,,FAILURE,PHASE1,FAILURE,0.88,0.12,FAILURE,0.72,0.28,0.16,0,0.6827586206896552,0.7684729064039408,0.5731343283582089,0.7239915074309979,0.583
NCT02442674__A03,NCT02442674,A03,ae_sae_signal,harmful,,FAILURE,PHASE3,FAILURE,0.78,0.22,FAILURE,0.92,0.08,-0.14,0,0.6807228915662651,0.8024691358024691,0.6359223300970873,0.7461832061068703,0.917
NCT03715166__A03,NCT03715166,A03,ae_sae_signal,harmful,,FAILURE,PHASE3,FAILURE,0.9,0.1,FAILURE,0.85,0.15,0.05,0,0.7642857142857142,0.7777777777777778,0.5846153846153845,0.7735042735042735,0.833
NCT03444649__A03,NCT03444649,A03,ae_sae_signal,harmful,,FAILURE,PHASE1,FAILURE,0.98,0.02,FAILURE,0.95,0.05,0.03,0,0.6559139784946236,0.7197802197802198,0.5679442508710801,0.7606837606837606,0.75
NCT04096560__A03,NCT04096560,A03,ae_sae_signal,harmful,,FAILURE,PHASE2,FAILURE,0.95,0.05,FAILURE,0.95,0.05,0.0,0,0.7936046511627907,0.8052631578947369,0.584375,0.796137339055794,0.667
NCT04775797__A03,NCT04775797,A03,ae_sae_signal,harmful,,FAILURE,PHASE1,FAILURE,0.78,0.22,FAILURE,0.9,0.1,-0.12,0,0.6807692307692308,0.7487437185929648,0.6343490304709141,0.7592137592137592,1.0
NCT02970929__A03,NCT02970929,A03,ae_sae_signal,harmful,,SUCCESS,PHASE2,SUCCESS,0.62,0.62,FAILURE,0.7,0.3,-0.32,1,0.7595419847328244,0.7452229299363058,0.6268656716417911,0.7943722943722944,0.917
NCT02735863__A03,NCT02735863,A03,ae_sae_signal,harmful,,SUCCESS,PHASE2,FAILURE,0.72,0.28,FAILURE,0.85,0.15,-0.13,0,0.7616279069767442,0.8582089552238806,0.6240409207161126,0.7742663656884876,0.75
NCT02838823__A03,NCT02838823,A03,ae_sae_signal,harmful,,SUCCESS,PHASE1,FAILURE,0.85,0.15,FAILURE,0.88,0.12,-0.03,0,0.68561872909699,0.7846153846153846,0.6486486486486487,0.7891156462585034,0.583
NCT02648204__A03,NCT02648204,A03,ae_sae_signal,harmful,,SUCCESS,PHASE3,SUCCESS,0.85,0.85,SUCCESS,0.92,0.92,0.07,0,0.6555023923444976,0.7401129943502824,0.6430517711171662,0.7742616033755274,0.917
NCT03145909__A03,NCT03145909,A03,ae_sae_signal,harmful,,FAILURE,PHASE1,FAILURE,0.92,0.08,FAILURE,0.75,0.25,0.17,0,0.7341389728096677,0.7624309392265194,0.6438746438746439,0.769041769041769,0.917
NCT02519452__A03,NCT02519452,A03,ae_sae_signal,harmful,,SUCCESS,PHASE1,SUCCESS,0.85,0.85,SUCCESS,0.9,0.9,0.05,0,0.7352941176470589,0.7428571428571429,0.6051873198847262,0.7616279069767442,0.917
NCT03520959__A03,NCT03520959,A03,ae_sae_signal,harmful,,FAILURE,PHASE3,FAILURE,0.97,0.03,FAILURE,0.95,0.05,0.02,0,0.7560240963855421,0.7405405405405405,0.6451612903225806,0.7801932367149759,0.833
NCT02857166__A03,NCT02857166,A03,ae_sae_signal,harmful,,SUCCESS,PHASE1,SUCCESS,0.75,0.75,SUCCESS,0.85,0.85,0.1,0,0.7215189873417722,0.7961165048543689,0.5657142857142857,0.7733050847457628,0.417
NCT03823703__A03,NCT03823703,A03,ae_sae_signal,harmful,,FAILURE,PHASE2,FAILURE,0.97,0.03,FAILURE,0.95,0.05,0.02,0,0.7297297297297297,0.6923076923076923,0.5787781350482315,0.7520215633423181,0.917
NCT03085069__A04,NCT03085069,A04,ae_sae_signal,harmful,,SUCCESS,PHASE2,SUCCESS,0.62,0.62,SUCCESS,0.55,0.55,-0.07,0,0.6976744186046512,0.7417840375586855,0.6144927536231883,0.8089430894308943,1.0
NCT03298464__A04,NCT03298464,A04,ae_sae_signal,harmful,,SUCCESS,PHASE1,FAILURE,0.82,0.18,FAILURE,0.72,0.28,0.1,0,0.7430555555555556,0.8092783505154639,0.6848484848484848,0.7883008356545961,1.0
NCT03170115__A04,NCT03170115,A04,ae_sae_signal,harmful,,FAILURE,PHASE2,FAILURE,0.7,0.3,FAILURE,0.62,0.38,0.08,0,0.7098976109215017,0.801762114537445,0.6131147540983606,0.7645687645687645,1.0
NCT02621892__A04,NCT02621892,A04,ae_sae_signal,harmful,,SUCCESS,PHASE3,FAILURE,0.65,0.35,SUCCESS,0.75,0.75,0.4,1,0.6816143497757847,0.7604166666666666,0.652694610778443,0.8367816091954023,1.0
NCT04185311__A04,NCT04185311,A04,ae_sae_signal,harmful,,FAILURE,PHASE1,FAILURE,0.88,0.12,FAILURE,0.78,0.22,0.1,0,0.66015625,0.775609756097561,0.660056657223796,0.7511111111111111,1.0
NCT02442674__A04,NCT02442674,A04,ae_sae_signal,harmful,,FAILURE,PHASE3,FAILURE,0.78,0.22,FAILURE,0.75,0.25,0.03,0,0.6450511945392492,0.8545454545454545,0.6243654822335025,0.7226720647773279,1.0
NCT03715166__A04,NCT03715166,A04,ae_sae_signal,harmful,,FAILURE,PHASE3,FAILURE,0.9,0.1,FAILURE,0.88,0.12,0.02,0,0.7619047619047619,0.7724867724867726,0.6569148936170213,0.7827050997782705,1.0
NCT03444649__A04,NCT03444649,A04,ae_sae_signal,harmful,,FAILURE,PHASE1,FAILURE,0.98,0.02,FAILURE,0.95,0.05,0.03,0,0.6857142857142857,0.7853107344632768,0.619205298013245,0.7980049875311721,1.0
NCT02836873__A04,NCT02836873,A04,ae_sae_signal,harmful,,SUCCESS,PHASE3,SUCCESS,0.6,0.6,SUCCESS,0.65,0.65,0.05,0,0.730909090909091,0.7442922374429224,0.6246719160104988,0.7707865168539326,0.929
NCT04096560__A04,NCT04096560,A04,ae_sae_signal,harmful,,FAILURE,PHASE2,FAILURE,0.95,0.05,FAILURE,0.9,0.1,0.05,0,0.7596439169139466,0.796875,0.6039325842696629,0.7887029288702929,1.0
NCT04775797__A04,NCT04775797,A04,ae_sae_signal,harmful,,FAILURE,PHASE1,FAILURE,0.78,0.22,FAILURE,0.95,0.05,-0.17,0,0.7326007326007327,0.7540983606557377,0.7071428571428571,0.820627802690583,1.0
NCT02970929__A04,NCT02970929,A04,ae_sae_signal,harmful,,SUCCESS,PHASE2,SUCCESS,0.62,0.62,FAILURE,0.72,0.28,-0.34,1,0.7749077490774907,0.7592592592592593,0.637223974763407,0.8033126293995859,1.0
NCT02735863__A04,NCT02735863,A04,ae_sae_signal,harmful,,SUCCESS,PHASE2,FAILURE,0.72,0.28,FAILURE,0.85,0.15,-0.13,0,0.7375415282392026,0.8325358851674641,0.6149584487534626,0.7553191489361702,1.0
NCT02838823__A04,NCT02838823,A04,ae_sae_signal,harmful,,SUCCESS,PHASE1,FAILURE,0.85,0.15,FAILURE,0.85,0.15,0.0,0,0.7075471698113207,0.7487437185929648,0.638121546961326,0.774468085106383,1.0
NCT02648204__A04,NCT02648204,A04,ae_sae_signal,harmful,,SUCCESS,PHASE3,SUCCESS,0.85,0.85,SUCCESS,0.85,0.85,0.0,0,0.6296296296296297,0.7150537634408602,0.6693548387096775,0.7465437788018433,1.0
NCT03145909__A04,NCT03145909,A04,ae_sae_signal,harmful,,FAILURE,PHASE1,FAILURE,0.92,0.08,FAILURE,0.9,0.1,0.02,0,0.7659574468085106,0.7161290322580645,0.6538461538461539,0.7757847533632287,0.786
NCT02519452__A04,NCT02519452,A04,ae_sae_signal,harmful,,SUCCESS,PHASE1,SUCCESS,0.85,0.85,SUCCESS,0.85,0.85,0.0,0,0.7272727272727273,0.7792792792792793,0.653061224489796,0.687793427230047,1.0
NCT03520959__A04,NCT03520959,A04,ae_sae_signal,harmful,,FAILURE,PHASE3,FAILURE,0.97,0.03,FAILURE,0.9,0.1,0.07,0,0.7009345794392523,0.7514792899408285,0.6657303370786517,0.8055555555555556,1.0
NCT02857166__A04,NCT02857166,A04,ae_sae_signal,harmful,,SUCCESS,PHASE1,SUCCESS,0.75,0.75,SUCCESS,0.75,0.75,0.0,0,0.74375,0.7707317073170732,0.5498575498575499,0.7928118393234672,1.0
NCT03823703__A04,NCT03823703,A04,ae_sae_signal,harmful,,FAILURE,PHASE2,FAILURE,0.97,0.03,FAILURE,0.97,0.03,0.0,0,0.7546468401486989,0.7806451612903226,0.5606060606060606,0.7601078167115903,1.0
NCT03298464__A05,NCT03298464,A05,ae_sae_signal,harmful,,SUCCESS,PHASE1,FAILURE,0.82,0.18,FAILURE,0.85,0.15,-0.03,0,0.7121771217712177,0.8324873096446701,0.6397306397306397,0.8346666666666667,1.0
NCT02621892__A05,NCT02621892,A05,ae_sae_signal,harmful,,SUCCESS,PHASE3,FAILURE,0.65,0.35,SUCCESS,0.75,0.75,0.4,1,0.7541666666666667,0.7837837837837838,0.6051873198847262,0.8278481012658228,1.0
NCT03085069__A05,NCT03085069,A05,ae_sae_signal,harmful,,SUCCESS,PHASE2,SUCCESS,0.62,0.62,FAILURE,0.65,0.35,-0.27,1,0.6812749003984064,0.725,0.6241379310344828,0.7494456762749446,0.875
NCT03170115__A05,NCT03170115,A05,ae_sae_signal,harmful,,FAILURE,PHASE2,FAILURE,0.7,0.3,FAILURE,0.78,0.22,-0.08,0,0.6950819672131148,0.8305084745762712,0.6153846153846154,0.7839506172839507,0.625
NCT03715166__A05,NCT03715166,A05,ae_sae_signal,harmful,,FAILURE,PHASE3,FAILURE,0.9,0.1,FAILURE,0.82,0.18,0.08,0,0.7072243346007605,0.8796296296296297,0.6809651474530831,0.76905311778291,0.75
NCT02442674__A05,NCT02442674,A05,ae_sae_signal,harmful,,FAILURE,PHASE3,FAILURE,0.78,0.22,FAILURE,0.8,0.2,-0.02,0,0.6947368421052631,0.7232142857142857,0.6410958904109589,0.7345679012345678,1.0
NCT03444649__A05,NCT03444649,A05,ae_sae_signal,harmful,,FAILURE,PHASE1,FAILURE,0.98,0.02,FAILURE,0.9,0.1,0.08,0,0.698581560283688,0.7891891891891891,0.625,0.731638418079096,0.875
NCT04185311__A05,NCT04185311,A05,ae_sae_signal,harmful,,FAILURE,PHASE1,FAILURE,0.88,0.12,FAILURE,0.82,0.18,0.06,0,0.6091954022988506,0.7568807339449541,0.5838509316770186,0.6753812636165577,0.75
NCT04096560__A05,NCT04096560,A05,ae_sae_signal,harmful,,FAILURE,PHASE2,FAILURE,0.95,0.05,FAILURE,0.98,0.02,-0.03,0,0.753125,0.7967032967032968,0.5907692307692307,0.7545871559633027,1.0
NCT02836873__A05,NCT02836873,A05,ae_sae_signal,harmful,,SUCCESS,PHASE3,SUCCESS,0.6,0.6,SUCCESS,0.6,0.6,0.0,0,0.7491039426523298,0.8325358851674641,0.6373626373626373,0.7454128440366973,1.0
NCT02970929__A05,NCT02970929,A05,ae_sae_signal,harmful,,SUCCESS,PHASE2,SUCCESS,0.62,0.62,FAILURE,0.85,0.15,-0.47,1,0.7083333333333333,0.806282722513089,0.6163522012578616,0.7643171806167401,1.0
NCT04775797__A05,NCT04775797,A05,ae_sae_signal,harmful,,FAILURE,PHASE1,FAILURE,0.78,0.22,FAILURE,0.9,0.1,-0.12,0,0.7027027027027026,0.8031914893617021,0.6812652068126521,0.7546174142480211,0.875
NCT02838823__A05,NCT02838823,A05,ae_sae_signal,harmful,,SUCCESS,PHASE1,FAILURE,0.85,0.15,FAILURE,0.85,0.15,0.0,0,0.6866666666666666,0.7397959183673469,0.65625,0.75,0.875
NCT02735863__A05,NCT02735863,A05,ae_sae_signal,harmful,,SUCCESS,PHASE2,FAILURE,0.72,0.28,FAILURE,0.85,0.15,-0.13,0,0.7780979827089337,0.8075117370892019,0.6336898395721925,0.7704918032786885,1.0
NCT03145909__A05,NCT03145909,A05,ae_sae_signal,harmful,,FAILURE,PHASE1,FAILURE,0.92,0.08,FAILURE,0.9,0.1,0.02,0,0.7597597597597597,0.7161290322580645,0.6147058823529412,0.7274826789838338,0.75
NCT02648204__A05,NCT02648204,A05,ae_sae_signal,harmful,,SUCCESS,PHASE3,SUCCESS,0.85,0.85,SUCCESS,0.9,0.9,0.05,0,0.5833333333333333,0.6779661016949152,0.6852367688022284,0.7439293598233996,1.0
NCT02519452__A05,NCT02519452,A05,ae_sae_signal,harmful,,SUCCESS,PHASE1,SUCCESS,0.85,0.85,SUCCESS,0.85,0.85,0.0,0,0.7541666666666667,0.7759562841530054,0.653179190751445,0.7605633802816901,0.875
NCT03823703__A05,NCT03823703,A05,ae_sae_signal,harmful,,FAILURE,PHASE2,FAILURE,0.97,0.03,FAILURE,0.97,0.03,0.0,0,0.7901234567901234,0.7615894039735099,0.6352583586626139,0.7823834196891192,1.0
NCT03520959__A05,NCT03520959,A05,ae_sae_signal,harmful,,FAILURE,PHASE3,FAILURE,0.97,0.03,FAILURE,0.97,0.03,0.0,0,0.7604166666666666,0.7172774869109948,0.6538461538461539,0.7661795407098121,1.0
NCT02857166__A05,NCT02857166,A05,ae_sae_signal,harmful,,SUCCESS,PHASE1,SUCCESS,0.75,0.75,SUCCESS,0.75,0.75,0.0,0,0.6993865030674846,0.7703349282296651,0.5420289855072464,0.8,0.75
NCT03085069__A06,NCT03085069,A06,ae_sae_signal,harmful,,SUCCESS,PHASE2,SUCCESS,0.62,0.62,FAILURE,0.55,0.45,-0.17,1,0.7155172413793103,0.7475247524752475,0.6286644951140066,0.7530562347188264,0.583
NCT03298464__A06,NCT03298464,A06,ae_sae_signal,harmful,,SUCCESS,PHASE1,FAILURE,0.82,0.18,FAILURE,0.75,0.25,0.07,0,0.6852589641434264,0.7278106508875739,0.6698412698412699,0.7849740932642487,0.75
NCT03170115__A06,NCT03170115,A06,ae_sae_signal,harmful,,FAILURE,PHASE2,FAILURE,0.7,0.3,FAILURE,0.78,0.22,-0.08,0,0.6882716049382716,0.8433179723502304,0.6194968553459119,0.780045351473923,0.75
NCT02621892__A06,NCT02621892,A06,ae_sae_signal,harmful,,SUCCESS,PHASE3,FAILURE,0.65,0.35,SUCCESS,0.62,0.62,0.27,1,0.7093023255813953,0.7512953367875648,0.6022727272727273,0.8169642857142857,1.0
NCT04185311__A06,NCT04185311,A06,ae_sae_signal,harmful,,FAILURE,PHASE1,FAILURE,0.88,0.12,FAILURE,0.82,0.18,0.06,0,0.7222222222222222,0.68944099378882,0.6360759493670887,0.747276688453159,0.75
NCT02442674__A06,NCT02442674,A06,ae_sae_signal,harmful,,FAILURE,PHASE3,FAILURE,0.78,0.22,FAILURE,0.7,0.3,0.08,0,0.6835016835016835,0.7663551401869159,0.6565420560747663,0.7654320987654322,1.0
NCT03444649__A06,NCT03444649,A06,ae_sae_signal,harmful,,FAILURE,PHASE1,FAILURE,0.98,0.02,FAILURE,0.95,0.05,0.03,0,0.6949685534591195,0.7819148936170213,0.6,0.7780898876404494,0.583
NCT03715166__A06,NCT03715166,A06,ae_sae_signal,harmful,,FAILURE,PHASE3,FAILURE,0.9,0.1,FAILURE,0.92,0.08,-0.02,0,0.6828358208955223,0.7810945273631841,0.6536458333333333,0.7665952890792291,0.667
NCT02836873__A06,NCT02836873,A06,ae_sae_signal,harmful,,SUCCESS,PHASE3,SUCCESS,0.6,0.6,SUCCESS,0.6,0.6,0.0,0,0.7656765676567656,0.7415254237288136,0.6020671834625323,0.7551440329218106,0.583
NCT02970929__A06,NCT02970929,A06,ae_sae_signal,harmful,,SUCCESS,PHASE2,SUCCESS,0.62,0.62,FAILURE,0.72,0.28,-0.34,1,0.7276595744680852,0.8098159509202454,0.608843537414966,0.8026607538802661,0.75
NCT04096560__A06,NCT04096560,A06,ae_sae_signal,harmful,,FAILURE,PHASE2,FAILURE,0.95,0.05,FAILURE,0.9,0.1,0.05,0,0.7371428571428571,0.8316831683168316,0.6098265895953757,0.8258317025440314,0.583
NCT04775797__A06,NCT04775797,A06,ae_sae_signal,harmful,,FAILURE,PHASE1,FAILURE,0.78,0.22,FAILURE,0.9,0.1,-0.12,0,0.7272727272727273,0.7631578947368421,0.6914600550964187,0.733160621761658,0.833
NCT02735863__A06,NCT02735863,A06,ae_sae_signal,harmful,,SUCCESS,PHASE2,FAILURE,0.72,0.28,FAILURE,0.9,0.1,-0.18,0,0.7402597402597403,0.7912621359223301,0.6414565826330532,0.76,0.667
NCT02648204__A06,NCT02648204,A06,ae_sae_signal,harmful,,SUCCESS,PHASE3,SUCCESS,0.85,0.85,SUCCESS,0.75,0.75,-0.1,0,0.6871794871794872,0.6805555555555556,0.6717325227963526,0.771505376344086,0.833
NCT02838823__A06,NCT02838823,A06,ae_sae_signal,harmful,,SUCCESS,PHASE1,FAILURE,0.85,0.15,FAILURE,0.75,0.25,0.1,0,0.7586206896551724,0.7323232323232323,0.6854219948849105,0.760593220338983,0.333
NCT03145909__A06,NCT03145909,A06,ae_sae_signal,harmful,,FAILURE,PHASE1,FAILURE,0.92,0.08,FAILURE,0.9,0.1,0.02,0,0.7515337423312883,0.7666666666666666,0.6409574468085106,0.7296037296037297,0.5
NCT02519452__A06,NCT02519452,A06,ae_sae_signal,harmful,,SUCCESS,PHASE1,SUCCESS,0.85,0.85,SUCCESS,0.85,0.85,0.0,0,0.7915194346289752,0.7791411042944785,0.6512261580381471,0.7551020408163265,0.917
NCT03520959__A06,NCT03520959,A06,ae_sae_signal,harmful,,FAILURE,PHASE3,FAILURE,0.97,0.03,FAILURE,0.95,0.05,0.02,0,0.7538461538461538,0.7398843930635839,0.6311239193083573,0.7790697674418605,0.833
NCT02857166__A06,NCT02857166,A06,ae_sae_signal,harmful,,SUCCESS,PHASE1,SUCCESS,0.75,0.75,SUCCESS,0.72,0.72,-0.03,0,0.7354838709677419,0.7267759562841529,0.5623188405797102,0.7799564270152506,0.833
NCT03823703__A06,NCT03823703,A06,ae_sae_signal,harmful,,FAILURE,PHASE2,FAILURE,0.97,0.03,FAILURE,0.97,0.03,0.0,0,0.750788643533123,0.7875,0.6325966850828729,0.7272727272727273,0.833
NCT03298464__A07,NCT03298464,A07,ae_sae_signal,harmful,,SUCCESS,PHASE1,FAILURE,0.82,0.18,FAILURE,0.72,0.28,0.1,0,0.7234848484848485,0.7790055248618785,0.6698717948717949,0.8389610389610389,0.556
NCT03085069__A07,NCT03085069,A07,ae_sae_signal,harmful,,SUCCESS,PHASE2,SUCCESS,0.62,0.62,FAILURE,0.65,0.35,-0.27,1,0.6666666666666667,0.7696335078534031,0.6175637393767706,0.7960954446854664,1.0
NCT03170115__A07,NCT03170115,A07,ae_sae_signal,harmful,,FAILURE,PHASE2,FAILURE,0.7,0.3,FAILURE,0.72,0.28,-0.02,0,0.750733137829912,0.8652173913043478,0.5876623376623377,0.7739872068230277,0.889
NCT02621892__A07,NCT02621892,A07,ae_sae_signal,harmful,,SUCCESS,PHASE3,FAILURE,0.65,0.35,SUCCESS,0.72,0.72,0.37,1,0.6705882352941177,0.803030303030303,0.6089552238805971,0.8036117381489842,1.0
NCT03444649__A07,NCT03444649,A07,ae_sae_signal,harmful,,FAILURE,PHASE1,FAILURE,0.98,0.02,FAILURE,0.95,0.05,0.03,0,0.7420494699646643,0.7577639751552795,0.6165413533834587,0.7777777777777778,1.0
NCT03715166__A07,NCT03715166,A07,ae_sae_signal,harmful,,FAILURE,PHASE3,FAILURE,0.9,0.1,FAILURE,0.88,0.12,0.02,0,0.6691176470588236,0.782608695652174,0.6119791666666667,0.7021276595744681,0.889
NCT02442674__A07,NCT02442674,A07,ae_sae_signal,harmful,,FAILURE,PHASE3,FAILURE,0.78,0.22,SUCCESS,0.6,0.6,0.38,1,0.7442528735632183,0.7545454545454545,0.6821345707656612,0.7396694214876033,1.0
NCT04185311__A07,NCT04185311,A07,ae_sae_signal,harmful,,FAILURE,PHASE1,FAILURE,0.88,0.12,FAILURE,0.72,0.28,0.16,0,0.7040816326530612,0.7468879668049793,0.6149584487534626,0.7006651884700665,1.0
NCT04775797__A07,NCT04775797,A07,ae_sae_signal,harmful,,FAILURE,PHASE1,FAILURE,0.78,0.22,FAILURE,0.82,0.18,-0.04,0,0.7419354838709677,0.760233918128655,0.6332378223495703,0.7512953367875648,1.0
NCT02836873__A07,NCT02836873,A07,ae_sae_signal,harmful,,SUCCESS,PHASE3,SUCCESS,0.6,0.6,SUCCESS,0.6,0.6,0.0,0,0.77431906614786,0.7545454545454545,0.5837988826815643,0.7730496453900709,1.0
NCT02970929__A07,NCT02970929,A07,ae_sae_signal,harmful,,SUCCESS,PHASE2,SUCCESS,0.62,0.62,SUCCESS,0.6,0.6,-0.02,0,0.7176470588235294,0.8279569892473118,0.6339869281045751,0.7464788732394366,1.0
NCT04096560__A07,NCT04096560,A07,ae_sae_signal,harmful,,FAILURE,PHASE2,FAILURE,0.95,0.05,FAILURE,0.85,0.15,0.1,0,0.7258566978193146,0.8507462686567164,0.5838150289017341,0.7815845824411135,1.0
NCT02838823__A07,NCT02838823,A07,ae_sae_signal,harmful,,SUCCESS,PHASE1,FAILURE,0.85,0.15,FAILURE,0.78,0.22,0.07,0,0.7662337662337663,0.751269035532995,0.65625,0.8044354838709677,0.778
NCT02735863__A07,NCT02735863,A07,ae_sae_signal,harmful,,SUCCESS,PHASE2,FAILURE,0.72,0.28,FAILURE,0.7,0.3,0.02,0,0.7474747474747474,0.8097560975609757,0.6177285318559557,0.732843137254902,0.889
NCT03145909__A07,NCT03145909,A07,ae_sae_signal,harmful,,FAILURE,PHASE1,FAILURE,0.92,0.08,FAILURE,0.9,0.1,0.02,0,0.7252396166134185,0.6853932584269663,0.6494252873563218,0.6872246696035242,0.889
NCT02648204__A07,NCT02648204,A07,ae_sae_signal,harmful,,SUCCESS,PHASE3,SUCCESS,0.85,0.85,SUCCESS,0.92,0.92,0.07,0,0.7004608294930876,0.7267759562841529,0.667621776504298,0.7224770642201834,1.0
NCT02519452__A07,NCT02519452,A07,ae_sae_signal,harmful,,SUCCESS,PHASE1,SUCCESS,0.85,0.85,SUCCESS,0.85,0.85,0.0,0,0.7362204724409449,0.8341968911917098,0.6274509803921569,0.75,1.0
NCT03823703__A07,NCT03823703,A07,ae_sae_signal,harmful,,FAILURE,PHASE2,FAILURE,0.97,0.03,FAILURE,0.97,0.03,0.0,0,0.7707641196013288,0.7484276729559749,0.5678233438485805,0.7279792746113989,1.0
NCT02857166__A07,NCT02857166,A07,ae_sae_signal,harmful,,SUCCESS,PHASE1,SUCCESS,0.75,0.75,SUCCESS,0.72,0.72,-0.03,0,0.7820895522388059,0.812206572769953,0.6432432432432432,0.7945736434108527,1.0
NCT03520959__A07,NCT03520959,A07,ae_sae_signal,harmful,,FAILURE,PHASE3,FAILURE,0.97,0.03,FAILURE,0.93,0.07,0.04,0,0.7810650887573964,0.7587719298245614,0.6401098901098901,0.748868778280543,1.0
NCT03085069__A08,NCT03085069,A08,ae_sae_signal,harmful,,SUCCESS,PHASE2,SUCCESS,0.62,0.62,SUCCESS,0.55,0.55,-0.07,0,0.6995884773662551,0.8190954773869347,0.5698924731182795,0.7611940298507462,1.0
NCT03298464__A08,NCT03298464,A08,ae_sae_signal,harmful,,SUCCESS,PHASE1,FAILURE,0.82,0.18,FAILURE,0.75,0.25,0.07,0,0.7183098591549295,0.7419354838709677,0.6387959866220736,0.801418439716312,0.75
NCT02621892__A08,NCT02621892,A08,ae_sae_signal,harmful,,SUCCESS,PHASE3,FAILURE,0.65,0.35,SUCCESS,0.72,0.72,0.37,1,0.6473029045643153,0.7659574468085106,0.6055045871559632,0.8381374722838137,1.0
NCT03170115__A08,NCT03170115,A08,ae_sae_signal,harmful,,FAILURE,PHASE2,FAILURE,0.7,0.3,FAILURE,0.72,0.28,-0.02,0,0.7223880597014926,0.8082706766917294,0.6481994459833795,0.7465437788018433,0.25
NCT02442674__A08,NCT02442674,A08,ae_sae_signal,harmful,,FAILURE,PHASE3,FAILURE,0.78,0.22,FAILURE,0.75,0.25,0.03,0,0.6884735202492211,0.7298578199052133,0.6161879895561357,0.6943231441048034,0.75
NCT03715166__A08,NCT03715166,A08,ae_sae_signal,harmful,,FAILURE,PHASE3,FAILURE,0.9,0.1,FAILURE,0.85,0.15,0.05,0,0.7314487632508834,0.8235294117647058,0.6178010471204188,0.7593818984547461,1.0
NCT04185311__A08,NCT04185311,A08,ae_sae_signal,harmful,,FAILURE,PHASE1,FAILURE,0.88,0.12,FAILURE,0.88,0.12,0.0,0,0.6774193548387097,0.7277777777777779,0.6321525885558583,0.7485380116959064,1.0
NCT03444649__A08,NCT03444649,A08,ae_sae_signal,harmful,,FAILURE,PHASE1,FAILURE,0.98,0.02,FAILURE,0.97,0.03,0.01,0,0.7066246056782335,0.78125,0.6137931034482759,0.7311827956989247,0.25
NCT02836873__A08,NCT02836873,A08,ae_sae_signal,harmful,,SUCCESS,PHASE3,SUCCESS,0.6,0.6,SUCCESS,0.72,0.72,0.12,0,0.7479674796747968,0.7307692307692308,0.6218487394957983,0.7830423940149626,1.0
NCT04775797__A08,NCT04775797,A08,ae_sae_signal,harmful,,FAILURE,PHASE1,FAILURE,0.78,0.22,FAILURE,0.92,0.08,-0.14,0,0.7381818181818182,0.7777777777777778,0.6558823529411765,0.7384615384615385,1.0
NCT04096560__A08,NCT04096560,A08,ae_sae_signal,harmful,,FAILURE,PHASE2,FAILURE,0.95,0.05,FAILURE,0.95,0.05,0.0,0,0.75,0.7871287128712872,0.6056338028169015,0.7675438596491229,1.0
NCT02970929__A08,NCT02970929,A08,ae_sae_signal,harmful,,SUCCESS,PHASE2,SUCCESS,0.62,0.62,FAILURE,0.6,0.4,-0.22,1,0.7030075187969924,0.751412429378531,0.5953947368421053,0.775,0.75
NCT02648204__A08,NCT02648204,A08,ae_sae_signal,harmful,,SUCCESS,PHASE3,SUCCESS,0.85,0.85,SUCCESS,0.85,0.85,0.0,0,0.7047619047619047,0.7189542483660131,0.668693009118541,0.7581521739130435,1.0
NCT02838823__A08,NCT02838823,A08,ae_sae_signal,harmful,,SUCCESS,PHASE1,FAILURE,0.85,0.15,FAILURE,0.72,0.28,0.13,0,0.6826923076923077,0.7068062827225131,0.6657223796033994,0.7685774946921444,1.0
NCT03145909__A08,NCT03145909,A08,ae_sae_signal,harmful,,FAILURE,PHASE1,FAILURE,0.92,0.08,FAILURE,0.85,0.15,0.07,0,0.7247706422018348,0.7869822485207101,0.59375,0.7464114832535885,0.25
NCT02735863__A08,NCT02735863,A08,ae_sae_signal,harmful,,SUCCESS,PHASE2,FAILURE,0.72,0.28,FAILURE,0.9,0.1,-0.18,0,0.7478510028653296,0.8309859154929577,0.6306532663316583,0.75,1.0
NCT03823703__A08,NCT03823703,A08,ae_sae_signal,harmful,,FAILURE,PHASE2,FAILURE,0.97,0.03,FAILURE,0.95,0.05,0.02,0,0.7355072463768115,0.7808219178082192,0.5719063545150502,0.8154269972451791,1.0
NCT02857166__A08,NCT02857166,A08,ae_sae_signal,harmful,,SUCCESS,PHASE1,SUCCESS,0.75,0.75,SUCCESS,0.75,0.75,0.0,0,0.6863468634686347,0.8,0.6234177215189873,0.7294685990338164,1.0
NCT02519452__A08,NCT02519452,A08,ae_sae_signal,harmful,,SUCCESS,PHASE1,SUCCESS,0.85,0.85,SUCCESS,0.85,0.85,0.0,0,0.7098039215686274,0.8206521739130435,0.656441717791411,0.7323340471092077,1.0
NCT03520959__A08,NCT03520959,A08,ae_sae_signal,harmful,,FAILURE,PHASE3,FAILURE,0.97,0.03,FAILURE,0.97,0.03,0.0,0,0.7239436619718309,0.7556818181818181,0.631578947368421,0.8082788671023965,1.0
NCT03085069__A09,NCT03085069,A09,ae_sae_signal,harmful,,SUCCESS,PHASE2,SUCCESS,0.62,0.62,FAILURE,0.62,0.38,-0.24,1,0.7352941176470589,0.7766497461928934,0.5635179153094463,0.7806451612903226,0.889
NCT03170115__A09,NCT03170115,A09,ae_sae_signal,harmful,,FAILURE,PHASE2,FAILURE,0.7,0.3,FAILURE,0.72,0.28,-0.02,0,0.7142857142857143,0.8170731707317074,0.577639751552795,0.7547169811320755,0.889
NCT03298464__A09,NCT03298464,A09,ae_sae_signal,harmful,,SUCCESS,PHASE1,FAILURE,0.82,0.18,FAILURE,0.8,0.2,0.02,0,0.6959459459459459,0.7630057803468209,0.6696696696696697,0.7908045977011494,0.778
NCT02621892__A09,NCT02621892,A09,ae_sae_signal,harmful,,SUCCESS,PHASE3,FAILURE,0.65,0.35,SUCCESS,0.75,0.75,0.4,1,0.7530864197530864,0.8324873096446701,0.6657754010695187,0.8085501858736059,1.0
NCT04185311__A09,NCT04185311,A09,ae_sae_signal,harmful,,FAILURE,PHASE1,FAILURE,0.88,0.12,FAILURE,0.9,0.1,-0.02,0,0.7292307692307692,0.7587939698492463,0.6307692307692307,0.7609649122807017,0.889
NCT02442674__A09,NCT02442674,A09,ae_sae_signal,harmful,,FAILURE,PHASE3,FAILURE,0.78,0.22,FAILURE,0.65,0.35,0.13,0,0.7342657342657343,0.7918367346938775,0.6042780748663101,0.7515400410677618,1.0
NCT03715166__A09,NCT03715166,A09,ae_sae_signal,harmful,,FAILURE,PHASE3,FAILURE,0.9,0.1,FAILURE,0.85,0.15,0.05,0,0.7414448669201521,0.7336683417085428,0.6548223350253808,0.7890995260663507,0.889
NCT03444649__A09,NCT03444649,A09,ae_sae_signal,harmful,,FAILURE,PHASE1,FAILURE,0.98,0.02,FAILURE,0.9,0.1,0.08,0,0.705685618729097,0.7633136094674556,0.5878136200716846,0.75,0.778
NCT02836873__A09,NCT02836873,A09,ae_sae_signal,harmful,,SUCCESS,PHASE3,SUCCESS,0.6,0.6,SUCCESS,0.65,0.65,0.05,0,0.731404958677686,0.7342995169082125,0.625,0.7162471395881007,1.0
NCT04775797__A09,NCT04775797,A09,ae_sae_signal,harmful,,FAILURE,PHASE1,FAILURE,0.78,0.22,FAILURE,0.85,0.15,-0.07,0,0.7278481012658228,0.7954545454545454,0.6115942028985507,0.8019323671497585,0.778
NCT04096560__A09,NCT04096560,A09,ae_sae_signal,harmful,,FAILURE,PHASE2,FAILURE,0.95,0.05,FAILURE,0.95,0.05,0.0,0,0.7344173441734417,0.81,0.6494117647058824,0.7692307692307692,1.0
NCT02970929__A09,NCT02970929,A09,ae_sae_signal,harmful,,SUCCESS,PHASE2,SUCCESS,0.62,0.62,FAILURE,0.65,0.35,-0.27,1,0.7330508474576272,0.7844311377245509,0.5714285714285714,0.7743271221532091,0.889
NCT02838823__A09,NCT02838823,A09,ae_sae_signal,harmful,,SUCCESS,PHASE1,FAILURE,0.85,0.15,FAILURE,0.75,0.25,0.1,0,0.7269736842105263,0.71,0.6231884057971014,0.7784810126582279,0.778
NCT02735863__A09,NCT02735863,A09,ae_sae_signal,harmful,,SUCCESS,PHASE2,FAILURE,0.72,0.28,FAILURE,0.85,0.15,-0.13,0,0.7732919254658385,0.8326180257510729,0.6435643564356436,0.7864923747276689,1.0
NCT03145909__A09,NCT03145909,A09,ae_sae_signal,harmful,,FAILURE,PHASE1,FAILURE,0.92,0.08,FAILURE,0.85,0.15,0.07,0,0.7522658610271904,0.7183908045977012,0.6609686609686609,0.7078384798099763,1.0
NCT02648204__A09,NCT02648204,A09,ae_sae_signal,harmful,,SUCCESS,PHASE3,SUCCESS,0.85,0.85,SUCCESS,0.9,0.9,0.05,0,0.6991150442477876,0.7594339622641509,0.6742857142857143,0.767816091954023,1.0
NCT03520959__A09,NCT03520959,A09,ae_sae_signal,harmful,,FAILURE,PHASE3,FAILURE,0.97,0.03,FAILURE,0.95,0.05,0.02,0,0.7243401759530792,0.8248847926267281,0.6836158192090396,0.7973684210526316,0.778
NCT02519452__A09,NCT02519452,A09,ae_sae_signal,harmful,,SUCCESS,PHASE1,SUCCESS,0.85,0.85,SUCCESS,0.72,0.72,-0.13,0,0.7730496453900709,0.7704081632653061,0.7063492063492063,0.7668067226890756,0.778
NCT02857166__A09,NCT02857166,A09,ae_sae_signal,harmful,,SUCCESS,PHASE1,SUCCESS,0.75,0.75,SUCCESS,0.62,0.62,-0.13,0,0.755700325732899,0.7920792079207921,0.5960591133004927,0.7735042735042735,0.778
NCT03823703__A09,NCT03823703,A09,ae_sae_signal,harmful,,FAILURE,PHASE2,FAILURE,0.97,0.03,FAILURE,0.97,0.03,0.0,0,0.7340425531914894,0.8012820512820513,0.6265060240963856,0.7578125,0.889
NCT03085069__A10,NCT03085069,A10,ae_sae_signal,harmful,,SUCCESS,PHASE2,SUCCESS,0.62,0.62,SUCCESS,0.62,0.62,0.0,0,0.7100371747211895,0.7860262008733625,0.6490683229813665,0.8096234309623431,0.909
NCT03298464__A10,NCT03298464,A10,ae_sae_signal,harmful,,SUCCESS,PHASE1,FAILURE,0.82,0.18,FAILURE,0.62,0.38,0.2,0,0.7282608695652174,0.827027027027027,0.6790123456790124,0.8238213399503722,0.909
NCT02621892__A10,NCT02621892,A10,ae_sae_signal,harmful,,SUCCESS,PHASE3,FAILURE,0.65,0.35,SUCCESS,0.85,0.85,0.5,1,0.6307053941908713,0.7967914438502673,0.6173913043478261,0.8114754098360656,0.909
NCT03170115__A10,NCT03170115,A10,ae_sae_signal,harmful,,FAILURE,PHASE2,FAILURE,0.7,0.3,FAILURE,0.62,0.38,0.08,0,0.7384105960264901,0.8220338983050848,0.6386554621848739,0.7653061224489796,0.909
NCT04185311__A10,NCT04185311,A10,ae_sae_signal,harmful,,FAILURE,PHASE1,FAILURE,0.88,0.12,FAILURE,0.9,0.1,-0.02,0,0.7331081081081081,0.7872340425531915,0.5723905723905724,0.7321428571428572,0.909
NCT02442674__A10,NCT02442674,A10,ae_sae_signal,harmful,,FAILURE,PHASE3,FAILURE,0.78,0.22,FAILURE,0.6,0.4,0.18,0,0.6897810218978102,0.7115384615384616,0.6566416040100251,0.7390438247011952,0.909
NCT03444649__A10,NCT03444649,A10,ae_sae_signal,harmful,,FAILURE,PHASE1,FAILURE,0.98,0.02,FAILURE,0.9,0.1,0.08,0,0.7220216606498195,0.7577319587628866,0.6392857142857142,0.7651933701657458,0.909
NCT03715166__A10,NCT03715166,A10,ae_sae_signal,harmful,,FAILURE,PHASE3,FAILURE,0.9,0.1,FAILURE,0.87,0.13,0.03,0,0.7474048442906575,0.7741935483870968,0.6396648044692738,0.7478070175438596,0.909
NCT02836873__A10,NCT02836873,A10,ae_sae_signal,harmful,,SUCCESS,PHASE3,SUCCESS,0.6,0.6,SUCCESS,0.6,0.6,0.0,0,0.7276119402985075,0.6934673366834171,0.6620879120879121,0.7363834422657952,0.909
NCT04096560__A10,NCT04096560,A10,ae_sae_signal,harmful,,FAILURE,PHASE2,FAILURE,0.95,0.05,FAILURE,0.97,0.03,-0.02,0,0.7398119122257053,0.84375,0.6666666666666667,0.7414829659318638,0.909
NCT04775797__A10,NCT04775797,A10,ae_sae_signal,harmful,,FAILURE,PHASE1,FAILURE,0.78,0.22,FAILURE,0.85,0.15,-0.07,0,0.6739130434782609,0.7958115183246073,0.6193353474320242,0.7379679144385027,0.909
NCT02970929__A10,NCT02970929,A10,ae_sae_signal,harmful,,SUCCESS,PHASE2,SUCCESS,0.62,0.62,FAILURE,0.62,0.38,-0.24,1,0.6973684210526316,0.7941176470588236,0.6267123287671232,0.7745664739884393,0.909
NCT02838823__A10,NCT02838823,A10,ae_sae_signal,harmful,,SUCCESS,PHASE1,FAILURE,0.85,0.15,FAILURE,0.78,0.22,0.07,0,0.6819787985865724,0.7076023391812866,0.6374622356495468,0.7785087719298246,0.909
NCT02735863__A10,NCT02735863,A10,ae_sae_signal,harmful,,SUCCESS,PHASE2,FAILURE,0.72,0.28,FAILURE,0.9,0.1,-0.18,0,0.7408536585365854,0.7305699481865284,0.6079545454545454,0.7182044887780549,0.909
NCT02648204__A10,NCT02648204,A10,ae_sae_signal,harmful,,SUCCESS,PHASE3,SUCCESS,0.85,0.85,SUCCESS,0.9,0.9,0.05,0,0.6595744680851063,0.7032967032967032,0.629080118694362,0.7669902912621359,0.909
NCT03145909__A10,NCT03145909,A10,ae_sae_signal,harmful,,FAILURE,PHASE1,FAILURE,0.92,0.08,FAILURE,0.9,0.1,0.02,0,0.7767857142857143,0.7837837837837838,0.6328767123287671,0.7299771167048055,0.909
NCT03520959__A10,NCT03520959,A10,ae_sae_signal,harmful,,FAILURE,PHASE3,FAILURE,0.97,0.03,FAILURE,0.95,0.05,0.02,0,0.7522658610271904,0.7553191489361702,0.6158357771260997,0.7903225806451613,1.0
NCT02857166__A10,NCT02857166,A10,ae_sae_signal,harmful,,SUCCESS,PHASE1,SUCCESS,0.75,0.75,SUCCESS,0.85,0.85,0.1,0,0.7374631268436578,0.7857142857142857,0.5875706214689266,0.7645739910313901,0.909
NCT03823703__A10,NCT03823703,A10,ae_sae_signal,harmful,,FAILURE,PHASE2,FAILURE,0.97,0.03,FAILURE,0.97,0.03,0.0,0,0.7435897435897436,0.7534246575342466,0.5701492537313433,0.7651715039577837,1.0
NCT02519452__A10,NCT02519452,A10,ae_sae_signal,harmful,,SUCCESS,PHASE1,SUCCESS,0.85,0.85,SUCCESS,0.85,0.85,0.0,0,0.75,0.772972972972973,0.6102564102564103,0.7524950099800399,0.909
NCT03298464__A11,NCT03298464,A11,ae_sae_signal,harmful,,SUCCESS,PHASE1,FAILURE,0.82,0.18,FAILURE,0.75,0.25,0.07,0,0.711864406779661,0.7936507936507937,0.6430769230769231,0.776,0.077
NCT03170115__A11,NCT03170115,A11,ae_sae_signal,harmful,,FAILURE,PHASE2,FAILURE,0.7,0.3,FAILURE,0.72,0.28,-0.02,0,0.6958041958041958,0.7899543378995434,0.5265017667844523,0.7324675324675325,0.0
NCT02442674__A11,NCT02442674,A11,ae_sae_signal,harmful,,FAILURE,PHASE3,FAILURE,0.78,0.22,FAILURE,0.6,0.4,0.18,0,0.7275862068965517,0.7897196261682243,0.6368876080691643,0.7745098039215687,0.154
NCT02621892__A11,NCT02621892,A11,ae_sae_signal,harmful,,SUCCESS,PHASE3,FAILURE,0.65,0.35,SUCCESS,0.85,0.85,0.5,1,0.6504065040650406,0.7849462365591398,0.6356164383561644,0.78,0.538
NCT03715166__A11,NCT03715166,A11,ae_sae_signal,harmful,,FAILURE,PHASE3,FAILURE,0.9,0.1,FAILURE,0.78,0.22,0.12,0,0.7432950191570882,0.7881773399014779,0.6224489795918368,0.7571115973741794,0.923
NCT03444649__A11,NCT03444649,A11,ae_sae_signal,harmful,,FAILURE,PHASE1,FAILURE,0.98,0.02,FAILURE,0.97,0.03,0.01,0,0.7287066246056783,0.7659574468085106,0.5993150684931507,0.7989949748743719,0.462
NCT02836873__A11,NCT02836873,A11,ae_sae_signal,harmful,,SUCCESS,PHASE3,SUCCESS,0.6,0.6,SUCCESS,0.7,0.7,0.1,0,0.75,0.7019230769230769,0.6327683615819208,0.757847533632287,1.0
NCT04096560__A11,NCT04096560,A11,ae_sae_signal,harmful,,FAILURE,PHASE2,FAILURE,0.95,0.05,FAILURE,0.85,0.15,0.1,0,0.7469512195121951,0.8298969072164948,0.6207865168539326,0.7634854771784232,0.231
NCT04775797__A11,NCT04775797,A11,ae_sae_signal,harmful,,FAILURE,PHASE1,FAILURE,0.78,0.22,FAILURE,0.78,0.22,0.0,0,0.7584745762711864,0.7661691542288558,0.6744186046511628,0.7051597051597052,0.538
NCT02970929__A11,NCT02970929,A11,ae_sae_signal,harmful,,SUCCESS,PHASE2,SUCCESS,0.62,0.62,SUCCESS,0.55,0.55,-0.07,0,0.7586206896551724,0.7934782608695652,0.6148648648648649,0.7521186440677966,0.154
NCT02735863__A11,NCT02735863,A11,ae_sae_signal,harmful,,SUCCESS,PHASE2,FAILURE,0.72,0.28,FAILURE,0.75,0.25,-0.03,0,0.725,0.7931034482758621,0.6032171581769437,0.7556053811659192,0.462
NCT02648204__A11,NCT02648204,A11,ae_sae_signal,harmful,,SUCCESS,PHASE3,SUCCESS,0.85,0.85,SUCCESS,0.9,0.9,0.05,0,0.6859903381642511,0.7905759162303665,0.7122507122507122,0.7475,0.077
NCT03145909__A11,NCT03145909,A11,ae_sae_signal,harmful,,FAILURE,PHASE1,FAILURE,0.92,0.08,FAILURE,0.9,0.1,0.02,0,0.7421383647798743,0.7485380116959064,0.6340782122905029,0.7392344497607656,0.846
NCT03823703__A11,NCT03823703,A11,ae_sae_signal,harmful,,FAILURE,PHASE2,FAILURE,0.97,0.03,FAILURE,0.97,0.03,0.0,0,0.7295373665480427,0.8095238095238095,0.6242937853107344,0.7763819095477387,0.769
NCT02519452__A11,NCT02519452,A11,ae_sae_signal,harmful,,SUCCESS,PHASE1,SUCCESS,0.85,0.85,SUCCESS,0.92,0.92,0.07,0,0.7519685039370079,0.7556818181818181,0.5921450151057401,0.7624309392265194,0.0
NCT03085069__A12,NCT03085069,A12,ae_sae_signal,harmful,,SUCCESS,PHASE2,SUCCESS,0.62,0.62,SUCCESS,0.6,0.6,-0.02,0,0.7176470588235294,0.7632850241545894,0.5841584158415842,0.8004484304932735,0.053
NCT03298464__A12,NCT03298464,A12,ae_sae_signal,harmful,,SUCCESS,PHASE1,FAILURE,0.82,0.18,FAILURE,0.8,0.2,0.02,0,0.7272727272727273,0.8232323232323232,0.694300518134715,0.8201970443349753,1.0
NCT02621892__A12,NCT02621892,A12,ae_sae_signal,harmful,,SUCCESS,PHASE3,FAILURE,0.65,0.35,SUCCESS,0.85,0.85,0.5,1,0.686046511627907,0.7736842105263158,0.6230529595015577,0.7929411764705883,0.105
NCT04185311__A12,NCT04185311,A12,ae_sae_signal,harmful,,FAILURE,PHASE1,FAILURE,0.88,0.12,FAILURE,0.72,0.28,0.16,0,0.7124183006535948,0.7538461538461538,0.6432748538011697,0.7861635220125787,0.053
NCT03170115__A12,NCT03170115,A12,ae_sae_signal,harmful,,FAILURE,PHASE2,FAILURE,0.7,0.3,FAILURE,0.72,0.28,-0.02,0,0.7441176470588236,0.797752808988764,0.6091954022988506,0.7707129094412332,0.737
NCT02442674__A12,NCT02442674,A12,ae_sae_signal,harmful,,FAILURE,PHASE3,FAILURE,0.78,0.22,FAILURE,0.7,0.3,0.08,0,0.6920415224913494,0.7946428571428572,0.5826330532212884,0.7551020408163265,0.947
NCT03715166__A12,NCT03715166,A12,ae_sae_signal,harmful,,FAILURE,PHASE3,FAILURE,0.9,0.1,FAILURE,0.9,0.1,0.0,0,0.7013888888888888,0.7925531914893618,0.638121546961326,0.7627494456762749,0.632
NCT03444649__A12,NCT03444649,A12,ae_sae_signal,harmful,,FAILURE,PHASE1,FAILURE,0.98,0.02,FAILURE,0.9,0.1,0.08,0,0.7231833910034602,0.8243902439024391,0.65625,0.7552631578947369,0.368
NCT02836873__A12,NCT02836873,A12,ae_sae_signal,harmful,,SUCCESS,PHASE3,SUCCESS,0.6,0.6,SUCCESS,0.72,0.72,0.12,0,0.7160493827160495,0.7268292682926829,0.6402266288951841,0.7334905660377358,0.895
NCT04775797__A12,NCT04775797,A12,ae_sae_signal,harmful,,FAILURE,PHASE1,FAILURE,0.78,0.22,FAILURE,0.85,0.15,-0.07,0,0.6848249027237354,0.7772020725388601,0.6521739130434783,0.7468354430379747,0.158
NCT04096560__A12,NCT04096560,A12,ae_sae_signal,harmful,,FAILURE,PHASE2,FAILURE,0.95,0.05,FAILURE,0.95,0.05,0.0,0,0.7384615384615385,0.8131868131868132,0.6235632183908046,0.7276422764227642,0.105
NCT02970929__A12,NCT02970929,A12,ae_sae_signal,harmful,,SUCCESS,PHASE2,SUCCESS,0.62,0.62,FAILURE,0.9,0.1,-0.52,1,0.7109375,0.7964071856287425,0.6717948717948719,0.7780082987551867,0.789
NCT02735863__A12,NCT02735863,A12,ae_sae_signal,harmful,,SUCCESS,PHASE2,FAILURE,0.72,0.28,FAILURE,0.9,0.1,-0.18,0,0.745398773006135,0.7828054298642534,0.5706214689265536,0.7383863080684596,0.737
NCT02838823__A12,NCT02838823,A12,ae_sae_signal,harmful,,SUCCESS,PHASE1,FAILURE,0.85,0.15,FAILURE,0.85,0.15,0.0,0,0.7246376811594203,0.7936507936507937,0.6320754716981132,0.7326315789473684,0.053
NCT02648204__A12,NCT02648204,A12,ae_sae_signal,harmful,,SUCCESS,PHASE3,SUCCESS,0.85,0.85,SUCCESS,0.9,0.9,0.05,0,0.6743119266055047,0.718562874251497,0.6676056338028169,0.7587822014051522,0.789
NCT03145909__A12,NCT03145909,A12,ae_sae_signal,harmful,,FAILURE,PHASE1,FAILURE,0.92,0.08,FAILURE,0.85,0.15,0.07,0,0.7090395480225988,0.7361963190184049,0.6586102719033233,0.7033707865168539,0.474
NCT02519452__A12,NCT02519452,A12,ae_sae_signal,harmful,,SUCCESS,PHASE1,SUCCESS,0.85,0.85,SUCCESS,0.85,0.85,0.0,0,0.8134920634920635,0.7606382978723404,0.6347305389221557,0.7757437070938216,0.053
NCT03520959__A12,NCT03520959,A12,ae_sae_signal,harmful,,FAILURE,PHASE3,FAILURE,0.97,0.03,FAILURE,0.95,0.05,0.02,0,0.7267267267267268,0.7526315789473684,0.6385869565217391,0.7948164146868251,0.895
NCT03823703__A12,NCT03823703,A12,ae_sae_signal,harmful,,FAILURE,PHASE2,FAILURE,0.97,0.03,FAILURE,0.95,0.05,0.02,0,0.7163120567375887,0.7535211267605634,0.6279863481228669,0.7741935483870968,0.421
NCT02857166__A12,NCT02857166,A12,ae_sae_signal,harmful,,SUCCESS,PHASE1,SUCCESS,0.75,0.75,SUCCESS,0.7,0.7,-0.05,0,0.7415384615384615,0.7464114832535885,0.5750636132315521,0.7046843177189409,0.263
NCT03085069__B01,NCT03085069,B01,protocol_design,harmful,,SUCCESS,PHASE2,SUCCESS,0.62,0.62,FAILURE,0.62,0.38,-0.24,1,0.6637931034482758,0.8163265306122449,0.5851851851851853,0.7794117647058824,1.0
NCT03298464__B01,NCT03298464,B01,protocol_design,harmful,,SUCCESS,PHASE1,FAILURE,0.82,0.18,FAILURE,0.65,0.35,0.17,0,0.7258687258687259,0.7807486631016043,0.6426229508196721,0.8121387283236994,0.8
NCT02621892__B01,NCT02621892,B01,protocol_design,harmful,,SUCCESS,PHASE3,FAILURE,0.65,0.35,SUCCESS,0.75,0.75,0.4,1,0.7067669172932332,0.806930693069307,0.6165644171779141,0.8149038461538461,0.8
NCT03170115__B01,NCT03170115,B01,protocol_design,harmful,,FAILURE,PHASE2,FAILURE,0.7,0.3,FAILURE,0.82,0.18,-0.12,0,0.7556179775280899,0.7844036697247706,0.5988372093023255,0.7770961145194274,1.0
NCT03715166__B01,NCT03715166,B01,protocol_design,harmful,,FAILURE,PHASE3,FAILURE,0.9,0.1,FAILURE,0.85,0.15,0.05,0,0.731958762886598,0.8104265402843602,0.6171875,0.737527114967462,0.8
NCT02836873__B01,NCT02836873,B01,protocol_design,harmful,,SUCCESS,PHASE3,SUCCESS,0.6,0.6,SUCCESS,0.6,0.6,0.0,0,0.7136752136752137,0.7277486910994764,0.6269113149847094,0.7128205128205128,0.8
NCT04096560__B01,NCT04096560,B01,protocol_design,harmful,,FAILURE,PHASE2,FAILURE,0.95,0.05,FAILURE,0.97,0.03,-0.02,0,0.7607361963190185,0.8373205741626795,0.5731707317073171,0.7882096069868996,1.0
NCT02970929__B01,NCT02970929,B01,protocol_design,harmful,,SUCCESS,PHASE2,SUCCESS,0.62,0.62,FAILURE,0.7,0.3,-0.32,1,0.6896551724137931,0.8241758241758241,0.5966666666666667,0.7230769230769231,0.8
NCT04775797__B01,NCT04775797,B01,protocol_design,harmful,,FAILURE,PHASE1,FAILURE,0.78,0.22,FAILURE,0.85,0.15,-0.07,0,0.7476038338658146,0.7788461538461539,0.6336088154269972,0.7458432304038005,0.8
NCT02735863__B01,NCT02735863,B01,protocol_design,harmful,,SUCCESS,PHASE2,FAILURE,0.72,0.28,FAILURE,0.8,0.2,-0.08,0,0.7694704049844237,0.8024193548387097,0.5924932975871313,0.7461538461538462,0.8
NCT02648204__B01,NCT02648204,B01,protocol_design,harmful,,SUCCESS,PHASE3,SUCCESS,0.85,0.85,SUCCESS,0.85,0.85,0.0,0,0.6631578947368422,0.7080745341614907,0.6574074074074074,0.7229916897506925,0.8
NCT02838823__B01,NCT02838823,B01,protocol_design,harmful,,SUCCESS,PHASE1,FAILURE,0.85,0.15,FAILURE,0.78,0.22,0.07,0,0.7012987012987013,0.7282051282051283,0.6132930513595166,0.6843220338983051,1.0
NCT02519452__B01,NCT02519452,B01,protocol_design,harmful,,SUCCESS,PHASE1,SUCCESS,0.85,0.85,SUCCESS,0.9,0.9,0.05,0,0.7958477508650519,0.8246445497630331,0.6090425531914894,0.7744360902255639,1.0
NCT02857166__B01,NCT02857166,B01,protocol_design,harmful,,SUCCESS,PHASE1,SUCCESS,0.75,0.75,SUCCESS,0.72,0.72,-0.03,0,0.7652733118971061,0.7206703910614525,0.563953488372093,0.7702702702702703,1.0
NCT03085069__B02,NCT03085069,B02,protocol_design,helpful,,SUCCESS,PHASE2,SUCCESS,0.62,0.62,SUCCESS,0.6,0.6,-0.02,0,0.6869918699186992,0.7757009345794392,0.5830508474576271,0.7449664429530201,0.4
NCT03170115__B02,NCT03170115,B02,protocol_design,helpful,,FAILURE,PHASE2,FAILURE,0.7,0.3,FAILURE,0.65,0.35,0.05,0,0.7077922077922079,0.7882882882882882,0.6132075471698113,0.7429906542056075,0.7
NCT03715166__B02,NCT03715166,B02,protocol_design,helpful,,FAILURE,PHASE3,FAILURE,0.9,0.1,FAILURE,0.82,0.18,0.08,0,0.6870229007633588,0.8051282051282052,0.6193181818181819,0.7054263565891472,0.5
NCT02621892__B02,NCT02621892,B02,protocol_design,helpful,,SUCCESS,PHASE3,FAILURE,0.65,0.35,SUCCESS,0.75,0.75,0.4,1,0.72265625,0.7638190954773869,0.6293333333333333,0.7811059907834101,0.7
NCT02836873__B02,NCT02836873,B02,protocol_design,helpful,,SUCCESS,PHASE3,SUCCESS,0.6,0.6,SUCCESS,0.6,0.6,0.0,0,0.7733812949640287,0.7464114832535885,0.6542288557213931,0.7296703296703297,0.7
NCT04096560__B02,NCT04096560,B02,protocol_design,helpful,,FAILURE,PHASE2,FAILURE,0.95,0.05,FAILURE,0.95,0.05,0.0,0,0.7411764705882353,0.8243902439024391,0.639686684073107,0.7677165354330708,0.6
NCT03520959__B02,NCT03520959,B02,protocol_design,helpful,,FAILURE,PHASE3,FAILURE,0.97,0.03,FAILURE,0.97,0.03,0.0,0,0.7264705882352941,0.7398843930635839,0.6493506493506493,0.7969543147208122,0.8
NCT02648204__B02,NCT02648204,B02,protocol_design,helpful,,SUCCESS,PHASE3,SUCCESS,0.85,0.85,SUCCESS,0.9,0.9,0.05,0,0.6712328767123288,0.7365591397849462,0.6658031088082901,0.744343891402715,0.8
NCT03823703__B02,NCT03823703,B02,protocol_design,helpful,,FAILURE,PHASE2,FAILURE,0.97,0.03,FAILURE,0.95,0.05,0.02,0,0.7597173144876326,0.75,0.640117994100295,0.7183098591549295,0.8
NCT03170115__B03,NCT03170115,B03,protocol_design,harmful,,FAILURE,PHASE2,FAILURE,0.7,0.3,FAILURE,0.62,0.38,0.08,0,0.7272727272727273,0.8288288288288288,0.6426426426426426,0.7710843373493976,1.0
NCT02442674__B03,NCT02442674,B03,protocol_design,harmful,,FAILURE,PHASE3,FAILURE,0.78,0.22,FAILURE,0.82,0.18,-0.04,0,0.7429577464788732,0.7549019607843137,0.6703601108033241,0.7577639751552795,0.833
NCT02621892__B03,NCT02621892,B03,protocol_design,harmful,,SUCCESS,PHASE3,FAILURE,0.65,0.35,SUCCESS,0.85,0.85,0.5,1,0.6498194945848376,0.7869565217391304,0.6135135135135135,0.8076109936575053,1.0
NCT03715166__B03,NCT03715166,B03,protocol_design,harmful,,FAILURE,PHASE3,FAILURE,0.9,0.1,FAILURE,0.9,0.1,0.0,0,0.7424242424242424,0.75,0.6857142857142857,0.7297297297297297,0.833
NCT02836873__B03,NCT02836873,B03,protocol_design,harmful,,SUCCESS,PHASE3,SUCCESS,0.6,0.6,SUCCESS,0.7,0.7,0.1,0,0.7430830039525691,0.768888888888889,0.6522842639593909,0.7437641723356009,1.0
NCT04096560__B03,NCT04096560,B03,protocol_design,harmful,,FAILURE,PHASE2,FAILURE,0.95,0.05,FAILURE,0.95,0.05,0.0,0,0.7555555555555555,0.864321608040201,0.6358543417366946,0.7970401691331924,0.5
NCT04775797__B03,NCT04775797,B03,protocol_design,harmful,,FAILURE,PHASE1,FAILURE,0.78,0.22,FAILURE,0.85,0.15,-0.07,0,0.7121771217712177,0.7611111111111111,0.6184971098265897,0.7191601049868767,0.833
NCT02735863__B03,NCT02735863,B03,protocol_design,harmful,,SUCCESS,PHASE2,FAILURE,0.72,0.28,FAILURE,0.85,0.15,-0.13,0,0.6908517350157728,0.7318435754189945,0.6507462686567165,0.765,1.0
NCT03520959__B03,NCT03520959,B03,protocol_design,harmful,,FAILURE,PHASE3,FAILURE,0.97,0.03,FAILURE,0.97,0.03,0.0,0,0.7222222222222222,0.7445652173913043,0.7002801120448179,0.7386363636363636,0.75
NCT03823703__B03,NCT03823703,B03,protocol_design,harmful,,FAILURE,PHASE2,FAILURE,0.97,0.03,FAILURE,0.95,0.05,0.02,0,0.8024691358024691,0.7777777777777778,0.6304347826086957,0.7536231884057971,0.833
NCT03085069__B04,NCT03085069,B04,protocol_design,neutral,,SUCCESS,PHASE2,SUCCESS,0.62,0.62,FAILURE,0.6,0.4,-0.22,1,0.7558139534883721,0.7804878048780488,0.6088328075709779,0.7459677419354839,0.625
NCT03170115__B04,NCT03170115,B04,protocol_design,neutral,,FAILURE,PHASE2,FAILURE,0.7,0.3,FAILURE,0.8,0.2,-0.1,0,0.7269372693726937,0.7777777777777778,0.6563380281690141,0.7206572769953052,0.25
NCT02621892__B04,NCT02621892,B04,protocol_design,neutral,,SUCCESS,PHASE3,FAILURE,0.65,0.35,SUCCESS,0.85,0.85,0.5,1,0.696629213483146,0.8095238095238095,0.603448275862069,0.7899543378995434,0.25
NCT03715166__B04,NCT03715166,B04,protocol_design,neutral,,FAILURE,PHASE3,FAILURE,0.9,0.1,FAILURE,0.9,0.1,0.0,0,0.7130801687763713,0.8071065989847716,0.7161803713527852,0.7630922693266833,0.438
NCT02442674__B04,NCT02442674,B04,protocol_design,neutral,,FAILURE,PHASE3,FAILURE,0.78,0.22,FAILURE,0.85,0.15,-0.07,0,0.6885245901639344,0.7442922374429224,0.6022408963585435,0.7739307535641547,0.125
NCT02836873__B04,NCT02836873,B04,protocol_design,neutral,,SUCCESS,PHASE3,SUCCESS,0.6,0.6,SUCCESS,0.6,0.6,0.0,0,0.7391304347826086,0.7330316742081449,0.6017441860465116,0.715962441314554,1.0
NCT02648204__B04,NCT02648204,B04,protocol_design,neutral,,SUCCESS,PHASE3,SUCCESS,0.85,0.85,SUCCESS,0.8,0.8,-0.05,0,0.6521739130434783,0.71875,0.6621160409556315,0.6991150442477876,0.125
NCT04096560__B04,NCT04096560,B04,protocol_design,neutral,,FAILURE,PHASE2,FAILURE,0.95,0.05,FAILURE,0.85,0.15,0.1,0,0.7317073170731707,0.815,0.6284916201117319,0.7014925373134329,0.188
NCT03520959__B04,NCT03520959,B04,protocol_design,neutral,,FAILURE,PHASE3,FAILURE,0.97,0.03,FAILURE,0.95,0.05,0.02,0,0.7571884984025559,0.7808988764044944,0.663716814159292,0.7595505617977528,0.25
NCT03823703__B04,NCT03823703,B04,protocol_design,neutral,,FAILURE,PHASE2,FAILURE,0.97,0.03,FAILURE,0.97,0.03,0.0,0,0.7226027397260274,0.7514792899408285,0.6405405405405405,0.7408312958435208,0.438
NCT03085069__B05,NCT03085069,B05,protocol_design,harmful,,SUCCESS,PHASE2,SUCCESS,0.62,0.62,SUCCESS,0.6,0.6,-0.02,0,0.7176470588235294,0.7954545454545454,0.5980066445182723,0.7133333333333334,0.364
NCT03298464__B05,NCT03298464,B05,protocol_design,harmful,,SUCCESS,PHASE1,FAILURE,0.82,0.18,FAILURE,0.65,0.35,0.17,0,0.8059701492537313,0.801980198019802,0.6510903426791277,0.7797468354430379,0.182
NCT03170115__B05,NCT03170115,B05,protocol_design,harmful,,FAILURE,PHASE2,FAILURE,0.7,0.3,FAILURE,0.75,0.25,-0.05,0,0.7453416149068324,0.7906976744186046,0.6234567901234568,0.7627906976744185,0.0
NCT02621892__B05,NCT02621892,B05,protocol_design,harmful,,SUCCESS,PHASE3,FAILURE,0.65,0.35,SUCCESS,0.72,0.72,0.37,1,0.7395833333333333,0.8101851851851851,0.6074766355140186,0.826271186440678,0.636
NCT02442674__B05,NCT02442674,B05,protocol_design,harmful,,FAILURE,PHASE3,FAILURE,0.78,0.22,FAILURE,0.7,0.3,0.08,0,0.6712328767123288,0.7752293577981652,0.5971830985915493,0.7623318385650224,0.545
NCT04185311__B05,NCT04185311,B05,protocol_design,harmful,,FAILURE,PHASE1,FAILURE,0.88,0.12,FAILURE,0.85,0.15,0.03,0,0.6631205673758865,0.8045454545454546,0.6752873563218391,0.7021276595744681,0.273
NCT03715166__B05,NCT03715166,B05,protocol_design,harmful,,FAILURE,PHASE3,FAILURE,0.9,0.1,FAILURE,0.9,0.1,0.0,0,0.7508532423208192,0.7637130801687764,0.6297229219143576,0.7633928571428572,0.364
NCT03444649__B05,NCT03444649,B05,protocol_design,harmful,,FAILURE,PHASE1,FAILURE,0.98,0.02,FAILURE,0.97,0.03,0.01,0,0.7167832167832168,0.7543859649122807,0.6070038910505837,0.7944162436548223,0.364
NCT02836873__B05,NCT02836873,B05,protocol_design,harmful,,SUCCESS,PHASE3,SUCCESS,0.6,0.6,SUCCESS,0.7,0.7,0.1,0,0.7357142857142858,0.7258883248730965,0.6214689265536724,0.7441860465116279,1.0
NCT04096560__B05,NCT04096560,B05,protocol_design,harmful,,FAILURE,PHASE2,FAILURE,0.95,0.05,FAILURE,0.9,0.1,0.05,0,0.7596439169139466,0.8388625592417062,0.6179775280898876,0.7995495495495495,0.182
NCT02970929__B05,NCT02970929,B05,protocol_design,harmful,,SUCCESS,PHASE2,SUCCESS,0.62,0.62,SUCCESS,0.62,0.62,0.0,0,0.7768595041322314,0.7311827956989247,0.649056603773585,0.7961630695443644,0.091
NCT02735863__B05,NCT02735863,B05,protocol_design,harmful,,SUCCESS,PHASE2,FAILURE,0.72,0.28,FAILURE,0.85,0.15,-0.13,0,0.7267441860465116,0.8209606986899564,0.628992628992629,0.7348484848484849,0.091
NCT02838823__B05,NCT02838823,B05,protocol_design,harmful,,SUCCESS,PHASE1,FAILURE,0.85,0.15,FAILURE,0.88,0.12,-0.03,0,0.7043189368770764,0.7717391304347826,0.6852941176470588,0.6870748299319728,0.0
NCT03145909__B05,NCT03145909,B05,protocol_design,harmful,,FAILURE,PHASE1,FAILURE,0.92,0.08,FAILURE,0.85,0.15,0.07,0,0.7558139534883721,0.7837837837837838,0.5840978593272171,0.6911764705882353,0.455
NCT02648204__B05,NCT02648204,B05,protocol_design,harmful,,SUCCESS,PHASE3,SUCCESS,0.85,0.85,SUCCESS,0.85,0.85,0.0,0,0.64,0.7081081081081081,0.6568914956011731,0.7394067796610169,0.273
NCT02519452__B05,NCT02519452,B05,protocol_design,harmful,,SUCCESS,PHASE1,SUCCESS,0.85,0.85,SUCCESS,0.85,0.85,0.0,0,0.7348484848484849,0.7474226804123711,0.6201780415430267,0.7189409368635438,0.455
NCT03520959__B05,NCT03520959,B05,protocol_design,harmful,,FAILURE,PHASE3,FAILURE,0.97,0.03,FAILURE,0.92,0.08,0.05,0,0.7564469914040115,0.7425149700598803,0.6842105263157895,0.802439024390244,0.455
NCT03170115__B06,NCT03170115,B06,protocol_design,harmful,,FAILURE,PHASE2,FAILURE,0.7,0.3,FAILURE,0.72,0.28,-0.02,0,0.6824817518248175,0.836,0.6775147928994083,0.7546296296296297,0.75
NCT03823703__B05,NCT03823703,B05,protocol_design,harmful,,FAILURE,PHASE2,FAILURE,0.97,0.03,FAILURE,0.95,0.05,0.02,0,0.6967509025270758,0.7668711656441718,0.6389684813753582,0.7441860465116279,0.455
NCT03715166__B06,NCT03715166,B06,protocol_design,harmful,,FAILURE,PHASE3,FAILURE,0.9,0.1,FAILURE,0.9,0.1,0.0,0,0.7489878542510122,0.7634408602150538,0.6912568306010929,0.764172335600907,0.75
NCT02621892__B06,NCT02621892,B06,protocol_design,harmful,,SUCCESS,PHASE3,FAILURE,0.65,0.35,SUCCESS,0.6,0.6,0.25,1,0.728813559322034,0.8037383177570093,0.636604774535809,0.7649572649572649,0.667
NCT03520959__B06,NCT03520959,B06,protocol_design,harmful,,FAILURE,PHASE3,FAILURE,0.97,0.03,FAILURE,0.97,0.03,0.0,0,0.7561728395061729,0.8190954773869347,0.6896551724137931,0.8429951690821256,0.583
NCT04096560__B06,NCT04096560,B06,protocol_design,harmful,,FAILURE,PHASE2,FAILURE,0.95,0.05,FAILURE,0.85,0.15,0.1,0,0.7848484848484849,0.8093023255813954,0.6928571428571428,0.7914438502673797,0.333
NCT03823703__B06,NCT03823703,B06,protocol_design,harmful,,FAILURE,PHASE2,FAILURE,0.97,0.03,FAILURE,0.95,0.05,0.02,0,0.6870503597122302,0.7612903225806451,0.6902654867256637,0.7374005305039788,0.667
NCT03085069__B07,NCT03085069,B07,protocol_design,neutral,,SUCCESS,PHASE2,SUCCESS,0.62,0.62,SUCCESS,0.35,0.35,-0.27,0,0.6833333333333333,0.8110599078341014,0.6363636363636364,0.7740492170022372,0.583
NCT03298464__B07,NCT03298464,B07,protocol_design,neutral,,SUCCESS,PHASE1,FAILURE,0.82,0.18,FAILURE,0.55,0.45,0.27,0,0.7248322147651007,0.8144329896907216,0.607843137254902,0.7818181818181819,0.667
NCT03170115__B07,NCT03170115,B07,protocol_design,neutral,,FAILURE,PHASE2,FAILURE,0.7,0.3,FAILURE,0.7,0.3,0.0,0,0.7056737588652482,0.7608695652173914,0.590625,0.7644539614561028,0.75
NCT02621892__B07,NCT02621892,B07,protocol_design,neutral,,SUCCESS,PHASE3,FAILURE,0.65,0.35,SUCCESS,0.7,0.7,0.35,1,0.7103174603174602,0.8134715025906736,0.6069182389937107,0.7862595419847328,0.75
NCT04096560__B07,NCT04096560,B07,protocol_design,neutral,,FAILURE,PHASE2,FAILURE,0.95,0.05,FAILURE,0.99,0.01,-0.04,0,0.7585139318885449,0.8201058201058201,0.6040462427745665,0.7459349593495934,0.5
NCT02970929__B07,NCT02970929,B07,protocol_design,neutral,,SUCCESS,PHASE2,SUCCESS,0.62,0.62,SUCCESS,0.7,0.7,0.08,0,0.7373271889400922,0.8111111111111111,0.6472727272727272,0.7613365155131265,0.417
NCT04775797__B07,NCT04775797,B07,protocol_design,neutral,,FAILURE,PHASE1,FAILURE,0.78,0.22,FAILURE,0.72,0.28,0.06,0,0.7165991902834008,0.7823834196891192,0.6443148688046647,0.7421875,0.083
NCT02838823__B07,NCT02838823,B07,protocol_design,neutral,,SUCCESS,PHASE1,FAILURE,0.85,0.15,FAILURE,0.75,0.25,0.1,0,0.7123745819397993,0.7485714285714286,0.6402439024390244,0.714859437751004,1.0
NCT03823703__B07,NCT03823703,B07,protocol_design,neutral,,FAILURE,PHASE2,FAILURE,0.97,0.03,FAILURE,0.95,0.05,0.02,0,0.6954887218045113,0.7972972972972973,0.6024844720496895,0.7204610951008645,0.083
NCT02857166__B07,NCT02857166,B07,protocol_design,neutral,,SUCCESS,PHASE1,SUCCESS,0.75,0.75,SUCCESS,0.72,0.72,-0.03,0,0.745928338762215,0.7932692307692308,0.5873493975903614,0.7659574468085106,0.167
NCT02735863__B07,NCT02735863,B07,protocol_design,neutral,,SUCCESS,PHASE2,FAILURE,0.72,0.28,FAILURE,0.75,0.25,-0.03,0,0.7543859649122807,0.7802197802197802,0.6339712918660287,0.7894736842105263,0.5
NCT03298464__C01,NCT03298464,C01,positive_signal,helpful,,SUCCESS,PHASE1,FAILURE,0.82,0.18,FAILURE,0.72,0.28,0.1,0,0.7224334600760456,0.7415730337078652,0.6212121212121212,0.7978436657681941,0.381
NCT03085069__C01,NCT03085069,C01,positive_signal,helpful,,SUCCESS,PHASE2,SUCCESS,0.62,0.62,SUCCESS,0.6,0.6,-0.02,0,0.7120622568093385,0.7869565217391304,0.6,0.7350230414746544,0.048
NCT03170115__C01,NCT03170115,C01,positive_signal,helpful,,FAILURE,PHASE2,FAILURE,0.7,0.3,FAILURE,0.72,0.28,-0.02,0,0.6633333333333333,0.8063063063063063,0.5472972972972974,0.7596153846153846,0.048
NCT02621892__C01,NCT02621892,C01,positive_signal,helpful,,SUCCESS,PHASE3,FAILURE,0.65,0.35,SUCCESS,0.55,0.55,0.2,1,0.7256317689530686,0.7352941176470589,0.6306306306306306,0.7935034802784222,0.19
NCT02442674__C01,NCT02442674,C01,positive_signal,helpful,,FAILURE,PHASE3,FAILURE,0.78,0.22,FAILURE,0.6,0.4,0.18,0,0.693103448275862,0.7717842323651453,0.6062322946175638,0.7620967741935484,0.333
NCT03715166__C01,NCT03715166,C01,positive_signal,helpful,,FAILURE,PHASE3,FAILURE,0.9,0.1,FAILURE,0.9,0.1,0.0,0,0.7181467181467182,0.7206703910614525,0.6494252873563218,0.7622080679405521,0.19
NCT03444649__C01,NCT03444649,C01,positive_signal,helpful,,FAILURE,PHASE1,FAILURE,0.98,0.02,FAILURE,0.93,0.07,0.05,0,0.6984732824427481,0.8057142857142857,0.6397058823529411,0.7630208333333334,0.143
NCT04185311__C01,NCT04185311,C01,positive_signal,helpful,,FAILURE,PHASE1,FAILURE,0.88,0.12,FAILURE,0.9,0.1,-0.02,0,0.6819787985865724,0.7262569832402235,0.6428571428571428,0.7037037037037037,0.143
NCT02836873__C01,NCT02836873,C01,positive_signal,helpful,,SUCCESS,PHASE3,SUCCESS,0.6,0.6,SUCCESS,0.72,0.72,0.12,0,0.7461538461538462,0.7666666666666666,0.6945945945945946,0.7463414634146341,0.048
NCT02970929__C01,NCT02970929,C01,positive_signal,helpful,,SUCCESS,PHASE2,SUCCESS,0.62,0.62,FAILURE,0.75,0.25,-0.37,1,0.6533333333333333,0.7945945945945946,0.6111111111111112,0.7465753424657534,0.048
NCT04096560__C01,NCT04096560,C01,positive_signal,helpful,,FAILURE,PHASE2,FAILURE,0.95,0.05,FAILURE,0.95,0.05,0.0,0,0.755485893416928,0.8151658767772512,0.6175637393767706,0.7371794871794872,0.333
NCT04775797__C01,NCT04775797,C01,positive_signal,helpful,,FAILURE,PHASE1,FAILURE,0.78,0.22,FAILURE,0.85,0.15,-0.07,0,0.6514522821576764,0.7371134020618557,0.6837837837837838,0.7293233082706767,0.19
NCT02735863__C01,NCT02735863,C01,positive_signal,helpful,,SUCCESS,PHASE2,FAILURE,0.72,0.28,FAILURE,0.9,0.1,-0.18,0,0.7424749163879598,0.778894472361809,0.6141304347826086,0.6992481203007519,0.095
NCT02838823__C01,NCT02838823,C01,positive_signal,helpful,,SUCCESS,PHASE1,FAILURE,0.85,0.15,FAILURE,0.75,0.25,0.1,0,0.701639344262295,0.7819148936170213,0.6469002695417789,0.7142857142857143,0.0
NCT02648204__C01,NCT02648204,C01,positive_signal,helpful,,SUCCESS,PHASE3,SUCCESS,0.85,0.85,SUCCESS,0.85,0.85,0.0,0,0.6861702127659575,0.6746987951807228,0.6631299734748011,0.7848699763593381,0.095
NCT03145909__C01,NCT03145909,C01,positive_signal,helpful,,FAILURE,PHASE1,FAILURE,0.92,0.08,FAILURE,0.92,0.08,0.0,0,0.7156549520766773,0.7514450867052023,0.658753709198813,0.7255369928400954,0.286
NCT03520959__C01,NCT03520959,C01,positive_signal,helpful,,FAILURE,PHASE3,FAILURE,0.97,0.03,FAILURE,0.95,0.05,0.02,0,0.7891373801916933,0.7740384615384616,0.6830769230769231,0.7730496453900709,0.143
NCT03823703__C01,NCT03823703,C01,positive_signal,helpful,,FAILURE,PHASE2,FAILURE,0.97,0.03,FAILURE,0.97,0.03,0.0,0,0.7041800643086817,0.7073170731707317,0.5743243243243243,0.7604456824512535,0.048
NCT02519452__C01,NCT02519452,C01,positive_signal,helpful,,SUCCESS,PHASE1,SUCCESS,0.85,0.85,SUCCESS,0.95,0.95,0.1,0,0.6737588652482269,0.8068181818181819,0.6143250688705234,0.7137014314928425,0.0
NCT02857166__C01,NCT02857166,C01,positive_signal,helpful,,SUCCESS,PHASE1,SUCCESS,0.75,0.75,SUCCESS,0.85,0.85,0.1,0,0.7130177514792899,0.8086124401913876,0.5816326530612245,0.7687747035573123,0.143
NCT03085069__C02,NCT03085069,C02,positive_signal,helpful,,SUCCESS,PHASE2,SUCCESS,0.62,0.62,SUCCESS,0.62,0.62,0.0,0,0.7376425855513308,0.7631578947368421,0.6413043478260869,0.7454545454545455,0.214
NCT02621892__C02,NCT02621892,C02,positive_signal,helpful,,SUCCESS,PHASE3,FAILURE,0.65,0.35,SUCCESS,0.6,0.6,0.25,1,0.7154471544715447,0.7903225806451613,0.6063492063492064,0.8101545253863135,0.571
NCT03170115__C02,NCT03170115,C02,positive_signal,helpful,,FAILURE,PHASE2,FAILURE,0.7,0.3,FAILURE,0.72,0.28,-0.02,0,0.7227414330218069,0.81640625,0.6039325842696629,0.7545126353790614,0.714
NCT02442674__C02,NCT02442674,C02,positive_signal,helpful,,FAILURE,PHASE3,FAILURE,0.78,0.22,FAILURE,0.6,0.4,0.18,0,0.6815286624203822,0.722466960352423,0.6166219839142091,0.7456896551724138,0.357
NCT03715166__C02,NCT03715166,C02,positive_signal,helpful,,FAILURE,PHASE3,FAILURE,0.9,0.1,FAILURE,0.85,0.15,0.05,0,0.7419354838709677,0.751269035532995,0.5977961432506886,0.7112676056338028,0.643
NCT04096560__C02,NCT04096560,C02,positive_signal,helpful,,FAILURE,PHASE2,FAILURE,0.95,0.05,FAILURE,0.95,0.05,0.0,0,0.7433628318584071,0.7727272727272727,0.6162464985994398,0.74,0.286
NCT02836873__C02,NCT02836873,C02,positive_signal,helpful,,SUCCESS,PHASE3,SUCCESS,0.6,0.6,SUCCESS,0.72,0.72,0.12,0,0.7758620689655172,0.7336683417085428,0.6186868686868687,0.7373271889400922,0.5
NCT02648204__C02,NCT02648204,C02,positive_signal,helpful,,SUCCESS,PHASE3,SUCCESS,0.85,0.85,SUCCESS,0.9,0.9,0.05,0,0.7,0.7333333333333334,0.6745406824146982,0.7429193899782135,0.429
NCT03520959__C02,NCT03520959,C02,positive_signal,helpful,,FAILURE,PHASE3,FAILURE,0.97,0.03,FAILURE,0.95,0.05,0.02,0,0.745398773006135,0.7423312883435582,0.6512261580381471,0.7603911980440098,0.429
NCT03823703__C02,NCT03823703,C02,positive_signal,helpful,,FAILURE,PHASE2,FAILURE,0.97,0.03,FAILURE,0.97,0.03,0.0,0,0.7554744525547445,0.8104575163398693,0.5863095238095238,0.7648648648648648,0.571
NCT03085069__C03,NCT03085069,C03,positive_signal,helpful,,SUCCESS,PHASE2,SUCCESS,0.62,0.62,SUCCESS,0.55,0.55,-0.07,0,0.711864406779661,0.786046511627907,0.5816326530612245,0.7392290249433107,0.067
NCT03298464__C03,NCT03298464,C03,positive_signal,helpful,,SUCCESS,PHASE1,FAILURE,0.82,0.18,FAILURE,0.72,0.28,0.1,0,0.7003891050583657,0.7759562841530054,0.5778546712802768,0.8020833333333334,0.467
NCT03170115__C03,NCT03170115,C03,positive_signal,helpful,,FAILURE,PHASE2,FAILURE,0.7,0.3,FAILURE,0.72,0.28,-0.02,0,0.7507987220447284,0.768888888888889,0.5672131147540984,0.7478632478632479,0.333
NCT02621892__C03,NCT02621892,C03,positive_signal,helpful,,SUCCESS,PHASE3,FAILURE,0.65,0.35,SUCCESS,0.6,0.6,0.25,1,0.6916299559471366,0.7727272727272727,0.5669781931464175,0.8054054054054054,0.333
NCT04185311__C03,NCT04185311,C03,positive_signal,helpful,,FAILURE,PHASE1,FAILURE,0.88,0.12,FAILURE,0.72,0.28,0.16,0,0.7416107382550335,0.6881188118811881,0.6371681415929203,0.7580645161290323,0.2
NCT02442674__C03,NCT02442674,C03,positive_signal,helpful,,FAILURE,PHASE3,FAILURE,0.78,0.22,FAILURE,0.9,0.1,-0.12,0,0.7386759581881532,0.7162162162162162,0.6229946524064172,0.7463002114164905,0.333
NCT03715166__C03,NCT03715166,C03,positive_signal,helpful,,FAILURE,PHASE3,FAILURE,0.9,0.1,FAILURE,0.85,0.15,0.05,0,0.7324414715719063,0.7241379310344828,0.5809018567639257,0.7398720682302772,0.333
NCT03444649__C03,NCT03444649,C03,positive_signal,helpful,,FAILURE,PHASE1,FAILURE,0.98,0.02,FAILURE,0.97,0.03,0.01,0,0.7220447284345048,0.7584269662921348,0.6372549019607843,0.7717391304347826,0.133
NCT04096560__C03,NCT04096560,C03,positive_signal,helpful,,FAILURE,PHASE2,FAILURE,0.95,0.05,FAILURE,0.9,0.1,0.05,0,0.7210031347962382,0.8316831683168316,0.6158536585365854,0.7607758620689655,0.2
NCT02836873__C03,NCT02836873,C03,positive_signal,helpful,,SUCCESS,PHASE3,SUCCESS,0.6,0.6,SUCCESS,0.65,0.65,0.05,0,0.6968503937007874,0.7089201877934272,0.6214833759590792,0.7129411764705882,0.067
NCT02970929__C03,NCT02970929,C03,positive_signal,helpful,,SUCCESS,PHASE2,SUCCESS,0.62,0.62,FAILURE,0.7,0.3,-0.32,1,0.7364016736401673,0.7469879518072289,0.6213235294117647,0.7838479809976246,0.267
NCT04775797__C03,NCT04775797,C03,positive_signal,helpful,,FAILURE,PHASE1,FAILURE,0.78,0.22,FAILURE,0.85,0.15,-0.07,0,0.70703125,0.7596153846153846,0.6366279069767442,0.7027027027027026,0.333
NCT02735863__C03,NCT02735863,C03,positive_signal,helpful,,SUCCESS,PHASE2,FAILURE,0.72,0.28,FAILURE,0.9,0.1,-0.18,0,0.7629179331306991,0.8106796116504854,0.6064139941690962,0.7533333333333333,0.267
NCT02838823__C03,NCT02838823,C03,positive_signal,helpful,,SUCCESS,PHASE1,FAILURE,0.85,0.15,FAILURE,0.85,0.15,0.0,0,0.7326732673267327,0.7580645161290323,0.6436464088397791,0.701271186440678,0.0
NCT02648204__C03,NCT02648204,C03,positive_signal,helpful,,SUCCESS,PHASE3,SUCCESS,0.85,0.85,SUCCESS,0.9,0.9,0.05,0,0.6298342541436464,0.7425149700598803,0.6755952380952381,0.662125340599455,0.067
NCT03145909__C03,NCT03145909,C03,positive_signal,helpful,,FAILURE,PHASE1,FAILURE,0.92,0.08,FAILURE,0.85,0.15,0.07,0,0.7678571428571428,0.7209302325581395,0.6366459627329193,0.7142857142857143,0.2
NCT02519452__C03,NCT02519452,C03,positive_signal,helpful,,SUCCESS,PHASE1,SUCCESS,0.85,0.85,SUCCESS,0.85,0.85,0.0,0,0.7766323024054983,0.8112244897959184,0.5983379501385042,0.7603143418467584,0.333
NCT03520959__C03,NCT03520959,C03,positive_signal,helpful,,FAILURE,PHASE3,FAILURE,0.97,0.03,FAILURE,0.95,0.05,0.02,0,0.7324324324324325,0.757396449704142,0.6629526462395543,0.7738095238095238,0.467
NCT02857166__C03,NCT02857166,C03,positive_signal,helpful,,SUCCESS,PHASE1,SUCCESS,0.75,0.75,SUCCESS,0.72,0.72,-0.03,0,0.7704918032786885,0.7889447236180904,0.5766871165644172,0.7722772277227723,0.2
NCT03823703__C03,NCT03823703,C03,positive_signal,helpful,,FAILURE,PHASE2,FAILURE,0.97,0.03,FAILURE,0.95,0.05,0.02,0,0.7337883959044369,0.7278481012658228,0.622093023255814,0.7723577235772358,0.333
NCT03085069__C04,NCT03085069,C04,positive_signal,helpful,,SUCCESS,PHASE2,SUCCESS,0.62,0.62,SUCCESS,0.55,0.55,-0.07,0,0.7372262773722628,0.7465437788018433,0.6245733788395904,0.7494692144373674,0.615
NCT03170115__C04,NCT03170115,C04,positive_signal,helpful,,FAILURE,PHASE2,FAILURE,0.7,0.3,FAILURE,0.78,0.22,-0.08,0,0.7466666666666666,0.7649402390438247,0.6153846153846154,0.742152466367713,0.385
NCT02621892__C04,NCT02621892,C04,positive_signal,helpful,,SUCCESS,PHASE3,FAILURE,0.65,0.35,SUCCESS,0.75,0.75,0.4,1,0.6973180076628352,0.8211009174311926,0.6609686609686609,0.7842227378190255,0.385
NCT02442674__C04,NCT02442674,C04,positive_signal,helpful,,FAILURE,PHASE3,FAILURE,0.78,0.22,FAILURE,0.7,0.3,0.08,0,0.7420382165605095,0.6981132075471699,0.6205962059620596,0.7217898832684825,0.538
NCT03715166__C04,NCT03715166,C04,positive_signal,helpful,,FAILURE,PHASE3,FAILURE,0.9,0.1,FAILURE,0.85,0.15,0.05,0,0.7360594795539033,0.7967914438502673,0.6025641025641026,0.7383966244725738,0.923
NCT02836873__C04,NCT02836873,C04,positive_signal,helpful,,SUCCESS,PHASE3,SUCCESS,0.6,0.6,SUCCESS,0.6,0.6,0.0,0,0.6826568265682658,0.6782178217821782,0.6351706036745407,0.7342342342342343,0.385
NCT02970929__C04,NCT02970929,C04,positive_signal,helpful,,SUCCESS,PHASE2,SUCCESS,0.62,0.62,SUCCESS,0.6,0.6,-0.02,0,0.7226890756302521,0.8106508875739645,0.610223642172524,0.758695652173913,0.615
NCT04096560__C04,NCT04096560,C04,positive_signal,helpful,,FAILURE,PHASE2,FAILURE,0.95,0.05,FAILURE,0.97,0.03,-0.02,0,0.7448680351906158,0.8020833333333334,0.6648648648648648,0.7394067796610169,0.385
NCT02735863__C04,NCT02735863,C04,positive_signal,helpful,,SUCCESS,PHASE2,FAILURE,0.72,0.28,FAILURE,0.8,0.2,-0.08,0,0.7229299363057324,0.7817258883248731,0.6168478260869565,0.6768802228412256,0.308
NCT02648204__C04,NCT02648204,C04,positive_signal,helpful,,SUCCESS,PHASE3,SUCCESS,0.85,0.85,SUCCESS,0.85,0.85,0.0,0,0.7136752136752137,0.6848484848484848,0.653061224489796,0.7247311827956989,0.462
NCT03823703__C04,NCT03823703,C04,positive_signal,helpful,,FAILURE,PHASE2,FAILURE,0.97,0.03,FAILURE,0.93,0.07,0.04,0,0.7366548042704626,0.7469135802469136,0.565597667638484,0.7289002557544757,0.231
NCT03520959__C04,NCT03520959,C04,positive_signal,helpful,,FAILURE,PHASE3,FAILURE,0.97,0.03,FAILURE,0.92,0.08,0.05,0,0.7457627118644068,0.7326732673267327,0.5925925925925926,0.7842227378190255,0.615
NCT03085069__D01,NCT03085069,D01,external_contextual,harmful,,SUCCESS,PHASE2,SUCCESS,0.62,0.62,SUCCESS,0.55,0.55,-0.07,0,0.6888888888888889,0.7990654205607477,0.5808580858085808,0.7139588100686498,1.0
NCT03298464__D01,NCT03298464,D01,external_contextual,harmful,,SUCCESS,PHASE1,FAILURE,0.82,0.18,FAILURE,0.85,0.15,-0.03,0,0.7418181818181818,0.7512953367875648,0.6300940438871474,0.8115183246073299,0.75
NCT03170115__D01,NCT03170115,D01,external_contextual,harmful,,FAILURE,PHASE2,FAILURE,0.7,0.3,FAILURE,0.65,0.35,0.05,0,0.6745762711864407,0.8247011952191234,0.5683229813664596,0.7844444444444445,1.0
NCT02621892__D01,NCT02621892,D01,external_contextual,harmful,,SUCCESS,PHASE3,FAILURE,0.65,0.35,SUCCESS,0.7,0.7,0.35,1,0.7519083969465649,0.8067632850241546,0.6027027027027028,0.8201970443349753,0.938
NCT02442674__D01,NCT02442674,D01,external_contextual,harmful,,FAILURE,PHASE3,FAILURE,0.78,0.22,FAILURE,0.9,0.1,-0.12,0,0.6699029126213591,0.7962962962962963,0.5606936416184971,0.7658643326039387,0.938
NCT04185311__D01,NCT04185311,D01,external_contextual,harmful,,FAILURE,PHASE1,FAILURE,0.88,0.12,FAILURE,0.9,0.1,-0.02,0,0.6600660066006601,0.7795698924731183,0.6217008797653959,0.7374429223744292,0.562
NCT03715166__D01,NCT03715166,D01,external_contextual,harmful,,FAILURE,PHASE3,FAILURE,0.9,0.1,FAILURE,0.82,0.18,0.08,0,0.7737226277372262,0.7727272727272727,0.6624685138539043,0.7587719298245614,0.938
NCT03444649__D01,NCT03444649,D01,external_contextual,harmful,,FAILURE,PHASE1,FAILURE,0.98,0.02,FAILURE,0.95,0.05,0.03,0,0.6956521739130435,0.7528735632183908,0.599250936329588,0.7435158501440922,0.812
NCT04096560__D01,NCT04096560,D01,external_contextual,harmful,,FAILURE,PHASE2,FAILURE,0.95,0.05,FAILURE,0.97,0.03,-0.02,0,0.7845659163987138,0.8243902439024391,0.5859872611464968,0.764344262295082,0.875
NCT02836873__D01,NCT02836873,D01,external_contextual,harmful,,SUCCESS,PHASE3,SUCCESS,0.6,0.6,SUCCESS,0.6,0.6,0.0,0,0.7350746268656716,0.7004608294930876,0.6464088397790055,0.762993762993763,0.938
NCT04775797__D01,NCT04775797,D01,external_contextual,harmful,,FAILURE,PHASE1,FAILURE,0.78,0.22,FAILURE,0.9,0.1,-0.12,0,0.7233201581027668,0.7868852459016393,0.6713483146067416,0.7088948787061995,0.938
NCT02970929__D01,NCT02970929,D01,external_contextual,harmful,,SUCCESS,PHASE2,SUCCESS,0.62,0.62,FAILURE,0.7,0.3,-0.32,1,0.736842105263158,0.8,0.5806451612903225,0.7986725663716814,1.0
NCT02838823__D01,NCT02838823,D01,external_contextual,harmful,,SUCCESS,PHASE1,FAILURE,0.85,0.15,FAILURE,0.9,0.1,-0.05,0,0.7275541795665634,0.7011494252873562,0.6403785488958991,0.7721518987341772,0.625
NCT02735863__D01,NCT02735863,D01,external_contextual,harmful,,SUCCESS,PHASE2,FAILURE,0.72,0.28,FAILURE,0.85,0.15,-0.13,0,0.7292993630573248,0.7621621621621621,0.6211699164345403,0.7305825242718447,0.875
NCT03145909__D01,NCT03145909,D01,external_contextual,harmful,,FAILURE,PHASE1,FAILURE,0.92,0.08,FAILURE,0.92,0.08,0.0,0,0.7601246105919003,0.7724550898203593,0.631578947368421,0.7386934673366834,0.688
NCT02648204__D01,NCT02648204,D01,external_contextual,harmful,,SUCCESS,PHASE3,SUCCESS,0.85,0.85,SUCCESS,0.85,0.85,0.0,0,0.642156862745098,0.757396449704142,0.6959247648902822,0.7574931880108992,0.875
NCT03520959__D01,NCT03520959,D01,external_contextual,harmful,,FAILURE,PHASE3,FAILURE,0.97,0.03,FAILURE,0.9,0.1,0.07,0,0.773224043715847,0.7391304347826086,0.6867816091954023,0.7789934354485777,0.938
NCT02519452__D01,NCT02519452,D01,external_contextual,harmful,,SUCCESS,PHASE1,SUCCESS,0.85,0.85,SUCCESS,0.85,0.85,0.0,0,0.7404580152671756,0.822429906542056,0.6231884057971014,0.7565922920892495,0.688
NCT03823703__D01,NCT03823703,D01,external_contextual,harmful,,FAILURE,PHASE2,FAILURE,0.97,0.03,FAILURE,0.97,0.03,0.0,0,0.7380952380952381,0.7738095238095238,0.5958702064896755,0.744131455399061,0.938
NCT02857166__D01,NCT02857166,D01,external_contextual,harmful,,SUCCESS,PHASE1,SUCCESS,0.75,0.75,SUCCESS,0.85,0.85,0.1,0,0.7341389728096677,0.7065217391304348,0.6074074074074074,0.7734806629834254,0.938
NCT03298464__D02,NCT03298464,D02,external_contextual,harmful,,SUCCESS,PHASE1,FAILURE,0.82,0.18,FAILURE,0.85,0.15,-0.03,0,0.7434944237918215,0.8044692737430168,0.6546546546546547,0.8297872340425532,0.867
NCT03085069__D02,NCT03085069,D02,external_contextual,harmful,,SUCCESS,PHASE2,SUCCESS,0.62,0.62,SUCCESS,0.55,0.55,-0.07,0,0.7086956521739131,0.7782805429864253,0.6225806451612903,0.7327188940092166,0.733
NCT03170115__D02,NCT03170115,D02,external_contextual,harmful,,FAILURE,PHASE2,FAILURE,0.7,0.3,FAILURE,0.65,0.35,0.05,0,0.6925925925925926,0.8432203389830508,0.5622895622895623,0.7425287356321839,0.467
NCT02621892__D02,NCT02621892,D02,external_contextual,harmful,,SUCCESS,PHASE3,FAILURE,0.65,0.35,FAILURE,0.6,0.4,0.05,0,0.7242647058823529,0.7807486631016043,0.6524064171122994,0.7867647058823529,0.867
NCT02442674__D02,NCT02442674,D02,external_contextual,harmful,,FAILURE,PHASE3,FAILURE,0.78,0.22,FAILURE,0.8,0.2,-0.02,0,0.6983050847457627,0.7783018867924528,0.6205882352941177,0.75,0.467
NCT04185311__D02,NCT04185311,D02,external_contextual,harmful,,FAILURE,PHASE1,FAILURE,0.88,0.12,FAILURE,0.85,0.15,0.03,0,0.6946308724832215,0.784037558685446,0.6772334293948127,0.7463768115942029,0.6
NCT03715166__D02,NCT03715166,D02,external_contextual,harmful,,FAILURE,PHASE3,FAILURE,0.9,0.1,FAILURE,0.9,0.1,0.0,0,0.7416974169741697,0.7794871794871795,0.6544502617801047,0.7328605200945626,0.667
NCT03444649__D02,NCT03444649,D02,external_contextual,harmful,,FAILURE,PHASE1,FAILURE,0.98,0.02,FAILURE,0.88,0.12,0.1,0,0.6949806949806949,0.7989130434782609,0.5602836879432624,0.7455089820359282,0.733
NCT02836873__D02,NCT02836873,D02,external_contextual,harmful,,SUCCESS,PHASE3,SUCCESS,0.6,0.6,SUCCESS,0.6,0.6,0.0,0,0.7299270072992701,0.7110091743119267,0.5926966292134832,0.7360178970917226,0.933
NCT04096560__D02,NCT04096560,D02,external_contextual,harmful,,FAILURE,PHASE2,FAILURE,0.95,0.05,FAILURE,0.95,0.05,0.0,0,0.7398119122257053,0.7978723404255319,0.5804597701149425,0.7766393442622951,0.8
NCT02970929__D02,NCT02970929,D02,external_contextual,harmful,,SUCCESS,PHASE2,SUCCESS,0.62,0.62,FAILURE,0.85,0.15,-0.47,1,0.7405660377358491,0.7485380116959064,0.6340694006309149,0.7829099307159353,0.2
NCT04775797__D02,NCT04775797,D02,external_contextual,harmful,,FAILURE,PHASE1,FAILURE,0.78,0.22,FAILURE,0.85,0.15,-0.07,0,0.7195121951219512,0.7671957671957672,0.6467532467532467,0.7622377622377623,0.667
NCT02838823__D02,NCT02838823,D02,external_contextual,harmful,,SUCCESS,PHASE1,FAILURE,0.85,0.15,FAILURE,0.82,0.18,0.03,0,0.7117437722419928,0.7979274611398963,0.6426426426426426,0.7420042643923241,0.6
NCT02735863__D02,NCT02735863,D02,external_contextual,harmful,,SUCCESS,PHASE2,FAILURE,0.72,0.28,FAILURE,0.9,0.1,-0.18,0,0.7098765432098766,0.791044776119403,0.6439790575916231,0.7100456621004566,0.533
NCT02648204__D02,NCT02648204,D02,external_contextual,harmful,,SUCCESS,PHASE3,SUCCESS,0.85,0.85,SUCCESS,0.75,0.75,-0.1,0,0.6986301369863014,0.6721311475409837,0.6797752808988764,0.7107231920199502,0.933
NCT03145909__D02,NCT03145909,D02,external_contextual,harmful,,FAILURE,PHASE1,FAILURE,0.92,0.08,FAILURE,0.9,0.1,0.02,0,0.739010989010989,0.7251461988304093,0.6345029239766082,0.7136258660508084,0.6
NCT03520959__D02,NCT03520959,D02,external_contextual,harmful,,FAILURE,PHASE3,FAILURE,0.97,0.03,FAILURE,0.97,0.03,0.0,0,0.7395209580838323,0.7422680412371134,0.6525679758308157,0.8,0.733
NCT02519452__D02,NCT02519452,D02,external_contextual,harmful,,SUCCESS,PHASE1,SUCCESS,0.85,0.85,SUCCESS,0.85,0.85,0.0,0,0.6666666666666667,0.7845303867403315,0.618421052631579,0.7480916030534351,0.867
NCT02857166__D02,NCT02857166,D02,external_contextual,harmful,,SUCCESS,PHASE1,SUCCESS,0.75,0.75,SUCCESS,0.85,0.85,0.1,0,0.7308970099667774,0.8390243902439024,0.6090425531914894,0.7595744680851064,0.733
NCT03823703__D02,NCT03823703,D02,external_contextual,harmful,,FAILURE,PHASE2,FAILURE,0.97,0.03,FAILURE,0.97,0.03,0.0,0,0.7272727272727273,0.7516778523489933,0.6149068322981366,0.78125,0.667
